-- phpMyAdmin SQL Dump
-- version 5.2.1
-- https://www.phpmyadmin.net/
--
-- Host: 127.0.0.1
-- Generation Time: Apr 14, 2024 at 11:48 PM
-- Server version: 10.4.28-MariaDB
-- PHP Version: 8.2.4

SET SQL_MODE = "NO_AUTO_VALUE_ON_ZERO";
START TRANSACTION;
SET time_zone = "+00:00";


/*!40101 SET @OLD_CHARACTER_SET_CLIENT=@@CHARACTER_SET_CLIENT */;
/*!40101 SET @OLD_CHARACTER_SET_RESULTS=@@CHARACTER_SET_RESULTS */;
/*!40101 SET @OLD_COLLATION_CONNECTION=@@COLLATION_CONNECTION */;
/*!40101 SET NAMES utf8mb4 */;

--
-- Database: `grade_book`
--

--
-- Dumping data for table `course`
--
SET FOREIGN_KEY_CHECKS=0;

INSERT INTO `course` (`c_id`, `lec_id`, `c_name`, `c_year`, `c_sem`, `c_weeks`, `c_participation_pts`, `c_assignment_pts`, `c_project_pts`, `c_exam_pts`, `created_at`, `updated_at`) VALUES
(1, 2, 'ROYL066', 4, '1', 12, 10, 10, 30, 50, '2001-10-06', '2024-04-14 18:20:10'),
(2, 10, 'OJFX954', 4, '2', 14, 10, 10, 30, 50, '2014-09-09', '2024-04-14 18:20:10'),
(3, 8, 'IYLC387', 3, '1', 12, 10, 10, 30, 50, '2001-01-16', '2024-04-14 18:20:10'),
(4, 7, 'UCXO498', 2, '1', 13, 10, 10, 30, 50, '2009-03-01', '2024-04-14 18:20:10'),
(5, 6, 'JJTT351', 4, '2', 9, 10, 10, 30, 50, '2016-11-01', '2024-04-14 18:20:10'),
(6, 3, 'PPOU749', 1, '1', 10, 10, 10, 30, 50, '2014-01-14', '2024-04-14 18:20:10'),
(7, 2, 'CXDT055', 1, '2', 12, 10, 10, 30, 50, '2002-07-26', '2024-04-14 18:20:10'),
(8, 2, 'UGPQ798', 1, '1', 12, 10, 10, 30, 50, '2009-09-03', '2024-04-14 18:20:10'),
(9, 6, 'BWEF650', 1, '1', 13, 10, 10, 30, 50, '2012-04-28', '2024-04-14 18:20:10'),
(10, 5, 'RIHD472', 4, '2', 14, 10, 10, 30, 50, '2005-03-10', '2024-04-14 18:20:10'),
(11, 7, 'JOUD419', 3, '2', 9, 20, 20, 20, 40, '2008-04-14', '2024-04-14 20:20:56'),
(12, 9, 'QFEL933', 4, '2', 10, 10, 10, 30, 50, '2010-10-15', '2024-04-14 18:20:10'),
(13, 5, 'PBKW438', 1, '1', 9, 10, 10, 30, 50, '2005-01-02', '2024-04-14 18:20:10'),
(14, 8, 'INNP644', 4, '2', 11, 10, 10, 30, 50, '2000-12-27', '2024-04-14 18:20:10'),
(15, 4, 'KKDN358', 5, '2', 12, 10, 10, 30, 50, '2015-03-01', '2024-04-14 18:20:10'),
(16, 5, 'KDVX790', 2, '1', 12, 10, 10, 30, 50, '2001-02-22', '2024-04-14 18:20:10'),
(17, 7, 'CBYY721', 1, '2', 8, 10, 10, 30, 50, '2008-09-05', '2024-04-14 18:20:10'),
(18, 1, 'KMPC518', 3, '2', 12, 10, 10, 30, 50, '2003-11-28', '2024-04-14 18:20:10'),
(19, 8, 'RLKI491', 1, '1', 13, 10, 10, 30, 50, '2015-04-18', '2024-04-14 18:20:10'),
(20, 4, 'RGWS990', 3, '2', 9, 10, 10, 30, 50, '2001-08-30', '2024-04-14 18:20:10');

--
-- Dumping data for table `course_coursework`
--

INSERT INTO `course_coursework` (`cw_id`, `cw_c_id`, `cw_course_type`, `cw_content`, `cw_release_date`, `cw_due_date`, `cw_total`, `created_at`, `updated_at`) VALUES
(1, 9, 'project', 'interdum feugiat. Sed nec metus facilisis lorem tristique aliquet. Phasellus fermentum convallis ligula. Donec luctus aliquet odio. Etiam ligula tortor, dictum eu, placerat eget, venenatis a, magna. Lorem ipsum dolor sit amet, consectetuer adipiscing elit. Etiam laoreet, libero et tristique pellentesque, tellus sem mollis dui, in sodales elit erat vitae risus. Duis a mi fringilla mi lacinia mattis. Integer eu lacus. Quisque imperdiet, erat nonummy ultricies ornare, elit elit fermentum risus, at fringilla purus mauris a nunc. In at pede. Cras vulputate velit eu sem. Pellentesque ut ipsum ac mi eleifend egestas. Sed pharetra, felis eget varius ultrices, mauris ipsum', '2023-07-05', '2023-07-31', 70, '2020-12-20', '2024-04-14 18:35:16'),
(2, 4, 'exam', 'a mi fringilla mi lacinia mattis. Integer eu lacus. Quisque imperdiet, erat nonummy ultricies ornare, elit elit fermentum risus, at fringilla purus mauris a nunc. In at pede. Cras vulputate velit eu sem. Pellentesque ut ipsum ac mi eleifend egestas. Sed pharetra, felis eget varius ultrices, mauris ipsum porta elit, a feugiat tellus lorem eu metus. In lorem. Donec elementum, lorem ut aliquam iaculis, lacus pede sagittis augue, eu tempor erat neque non quam. Pellentesque habitant morbi tristique senectus et netus et malesuada fames ac turpis egestas. Aliquam fringilla cursus purus. Nullam scelerisque neque sed sem egestas blandit. Nam nulla', '2023-05-08', '2023-05-01', 100, '2020-08-08', '2024-04-14 18:35:16'),
(3, 3, 'exam', 'ante. Nunc mauris sapien, cursus in, hendrerit consectetuer, cursus et, magna. Praesent interdum ligula eu enim. Etiam imperdiet dictum magna. Ut tincidunt orci quis lectus. Nullam suscipit, est ac facilisis facilisis, magna tellus faucibus leo, in lobortis tellus justo sit amet nulla. Donec non justo. Proin non massa non ante bibendum ullamcorper. Duis cursus, diam at pretium aliquet, metus urna convallis erat, eget tincidunt dui augue eu tellus. Phasellus elit pede, malesuada vel, venenatis vel, faucibus id, libero. Donec consectetuer mauris id sapien. Cras dolor dolor, tempus non, lacinia at, iaculis quis, pede. Praesent eu dui. Cum sociis natoque penatibus', '2023-06-17', '2023-09-28', 50, '2021-12-18', '2024-04-14 18:35:16'),
(4, 2, 'assignment', 'lacus vestibulum lorem, sit amet ultricies sem magna nec quam. Curabitur vel lectus. Cum sociis natoque penatibus et magnis dis parturient montes, nascetur ridiculus mus. Donec dignissim magna a tortor. Nunc commodo auctor velit. Aliquam nisl. Nulla eu neque pellentesque massa lobortis ultrices. Vivamus rhoncus. Donec est. Nunc ullamcorper, velit in aliquet lobortis, nisi nibh lacinia orci, consectetuer euismod est arcu ac orci. Ut semper pretium neque. Morbi quis urna. Nunc quis arcu vel quam dignissim pharetra. Nam ac nulla. In tincidunt congue turpis. In condimentum. Donec at arcu. Vestibulum ante ipsum primis in faucibus orci luctus et ultrices posuere', '2023-08-05', '2023-07-07', 70, '2020-12-23', '2024-04-14 18:35:16'),
(5, 2, 'assignment', 'Nulla tincidunt, neque vitae semper egestas, urna justo faucibus lectus, a sollicitudin orci sem eget massa. Suspendisse eleifend. Cras sed leo. Cras vehicula aliquet libero. Integer in magna. Phasellus dolor elit, pellentesque a, facilisis non, bibendum sed, est. Nunc laoreet lectus quis massa. Mauris vestibulum, neque sed dictum eleifend, nunc risus varius orci, in consequat enim diam vel arcu. Curabitur ut odio vel est tempor bibendum. Donec felis orci, adipiscing non, luctus sit amet, faucibus ut, nulla. Cras eu tellus eu augue porttitor interdum. Sed auctor odio a purus. Duis elementum, dui quis accumsan convallis, ante lectus convallis est, vitae', '2023-05-24', '2023-08-15', 10, '2020-11-02', '2024-04-14 18:35:16'),
(6, 9, 'assignment', 'at lacus. Quisque purus sapien, gravida non, sollicitudin a, malesuada id, erat. Etiam vestibulum massa rutrum magna. Cras convallis convallis dolor. Quisque tincidunt pede ac urna. Ut tincidunt vehicula risus. Nulla eget metus eu erat semper rutrum. Fusce dolor quam, elementum at, egestas a, scelerisque sed, sapien. Nunc pulvinar arcu et pede. Nunc sed orci lobortis augue scelerisque mollis. Phasellus libero mauris, aliquam eu, accumsan sed, facilisis vitae, orci. Phasellus dapibus quam quis diam. Pellentesque habitant morbi tristique senectus et netus et malesuada fames ac turpis egestas. Fusce aliquet magna a neque. Nullam ut nisi a odio semper cursus. Integer', '2023-04-27', '2023-05-21', 80, '2022-01-12', '2024-04-14 18:35:16'),
(7, 1, 'exam', 'interdum feugiat. Sed nec metus facilisis lorem tristique aliquet. Phasellus fermentum convallis ligula. Donec luctus aliquet odio. Etiam ligula tortor, dictum eu, placerat eget, venenatis a, magna. Lorem ipsum dolor sit amet, consectetuer adipiscing elit. Etiam laoreet, libero et tristique pellentesque, tellus sem mollis dui, in sodales elit erat vitae risus. Duis a mi fringilla mi lacinia mattis. Integer eu lacus. Quisque imperdiet, erat nonummy ultricies ornare, elit elit fermentum risus, at fringilla purus mauris a nunc. In at pede. Cras vulputate velit eu sem. Pellentesque ut ipsum ac mi eleifend egestas. Sed pharetra, felis eget varius ultrices, mauris ipsum', '2023-06-07', '2023-07-14', 60, '2020-11-08', '2024-04-14 18:35:16'),
(8, 6, 'exam', 'neque pellentesque massa lobortis ultrices. Vivamus rhoncus. Donec est. Nunc ullamcorper, velit in aliquet lobortis, nisi nibh lacinia orci, consectetuer euismod est arcu ac orci. Ut semper pretium neque. Morbi quis urna. Nunc quis arcu vel quam dignissim pharetra. Nam ac nulla. In tincidunt congue turpis. In condimentum. Donec at arcu. Vestibulum ante ipsum primis in faucibus orci luctus et ultrices posuere cubilia Curae Donec tincidunt. Donec vitae erat vel pede blandit congue. In scelerisque scelerisque dui. Suspendisse ac metus vitae velit egestas lacinia. Sed congue, elit sed consequat auctor, nunc nulla vulputate dui, nec tempus mauris erat eget ipsum.', '2023-05-30', '2023-05-26', 50, '2020-10-14', '2024-04-14 18:35:16'),
(9, 6, 'project', 'vestibulum lorem, sit amet ultricies sem magna nec quam. Curabitur vel lectus. Cum sociis natoque penatibus et magnis dis parturient montes, nascetur ridiculus mus. Donec dignissim magna a tortor. Nunc commodo auctor velit. Aliquam nisl. Nulla eu neque pellentesque massa lobortis ultrices. Vivamus rhoncus. Donec est. Nunc ullamcorper, velit in aliquet lobortis, nisi nibh lacinia orci, consectetuer euismod est arcu ac orci. Ut semper pretium neque. Morbi quis urna. Nunc quis arcu vel quam dignissim pharetra. Nam ac nulla. In tincidunt congue turpis. In condimentum. Donec at arcu. Vestibulum ante ipsum primis in faucibus orci luctus et ultrices posuere cubilia', '2023-06-04', '2023-05-10', 60, '2020-11-15', '2024-04-14 18:35:16'),
(10, 7, 'project', 'tempus scelerisque, lorem ipsum sodales purus, in molestie tortor nibh sit amet orci. Ut sagittis lobortis mauris. Suspendisse aliquet molestie tellus. Aenean egestas hendrerit neque. In ornare sagittis felis. Donec tempor, est ac mattis semper, dui lectus rutrum urna, nec luctus felis purus ac tellus. Suspendisse sed dolor. Fusce mi lorem, vehicula et, rutrum eu, ultrices sit amet, risus. Donec nibh enim, gravida sit amet, dapibus id, blandit at, nisi. Cum sociis natoque penatibus et magnis dis parturient montes, nascetur ridiculus mus. Proin vel nisl. Quisque fringilla euismod enim. Etiam gravida molestie arcu. Sed eu nibh vulputate mauris sagittis placerat.', '2023-06-21', '2023-09-17', 30, '2021-12-11', '2024-04-14 18:35:16'),
(11, 7, 'exam', 'vulputate, risus a ultricies adipiscing, enim mi tempor lorem, eget mollis lectus pede et risus. Quisque libero lacus, varius et, euismod et, commodo at, libero. Morbi accumsan laoreet ipsum. Curabitur consequat, lectus sit amet luctus vulputate, nisi sem semper erat, in consectetuer ipsum nunc id enim. Curabitur massa. Vestibulum accumsan neque et nunc. Quisque ornare tortor at risus. Nunc ac sem ut dolor dapibus gravida. Aliquam tincidunt, nunc ac mattis ornare, lectus ante dictum mi, ac mattis velit justo nec ante. Maecenas mi felis, adipiscing fringilla, porttitor vulputate, posuere vulputate, lacus. Cras interdum. Nunc sollicitudin commodo ipsum. Suspendisse non leo.', '2023-06-07', '2023-05-16', 40, '2020-11-24', '2024-04-14 18:35:16'),
(12, 7, 'project', 'eget, volutpat ornare, facilisis eget, ipsum. Donec sollicitudin adipiscing ligula. Aenean gravida nunc sed pede. Cum sociis natoque penatibus et magnis dis parturient montes, nascetur ridiculus mus. Proin vel arcu eu odio tristique pharetra. Quisque ac libero nec ligula consectetuer rhoncus. Nullam velit dui, semper et, lacinia vitae, sodales at, velit. Pellentesque ultricies dignissim lacus. Aliquam rutrum lorem ac risus. Morbi metus. Vivamus euismod urna. Nullam lobortis quam a felis ullamcorper viverra. Maecenas iaculis aliquet diam. Sed diam lorem, auctor quis, tristique ac, eleifend vitae, erat. Vivamus nisi. Mauris nulla. Integer urna. Vivamus molestie dapibus ligula. Aliquam erat volutpat. Nulla', '2023-06-06', '2023-07-16', 30, '2021-08-09', '2024-04-14 18:35:16'),
(13, 4, 'exam', 'quam vel sapien imperdiet ornare. In faucibus. Morbi vehicula. Pellentesque tincidunt tempus risus. Donec egestas. Duis ac arcu. Nunc mauris. Morbi non sapien molestie orci tincidunt adipiscing. Mauris molestie pharetra nibh. Aliquam ornare, libero at auctor ullamcorper, nisl arcu iaculis enim, sit amet ornare lectus justo eu arcu. Morbi sit amet massa. Quisque porttitor eros nec tellus. Nunc lectus pede, ultrices a, auctor non, feugiat nec, diam. Duis mi enim, condimentum eget, volutpat ornare, facilisis eget, ipsum. Donec sollicitudin adipiscing ligula. Aenean gravida nunc sed pede. Cum sociis natoque penatibus et magnis dis parturient montes, nascetur ridiculus mus. Proin vel', '2023-06-02', '2023-09-30', 60, '2021-08-02', '2024-04-14 18:35:16'),
(14, 10, 'project', 'erat. Vivamus nisi. Mauris nulla. Integer urna. Vivamus molestie dapibus ligula. Aliquam erat volutpat. Nulla dignissim. Maecenas ornare egestas ligula. Nullam feugiat placerat velit. Quisque varius. Nam porttitor scelerisque neque. Nullam nisl. Maecenas malesuada fringilla est. Mauris eu turpis. Nulla aliquet. Proin velit. Sed malesuada augue ut lacus. Nulla tincidunt, neque vitae semper egestas, urna justo faucibus lectus, a sollicitudin orci sem eget massa. Suspendisse eleifend. Cras sed leo. Cras vehicula aliquet libero. Integer in magna. Phasellus dolor elit, pellentesque a, facilisis non, bibendum sed, est. Nunc laoreet lectus quis massa. Mauris vestibulum, neque sed dictum eleifend, nunc risus varius', '2023-06-10', '2023-05-23', 10, '2020-07-12', '2024-04-14 18:35:16'),
(15, 2, 'project', 'accumsan laoreet ipsum. Curabitur consequat, lectus sit amet luctus vulputate, nisi sem semper erat, in consectetuer ipsum nunc id enim. Curabitur massa. Vestibulum accumsan neque et nunc. Quisque ornare tortor at risus. Nunc ac sem ut dolor dapibus gravida. Aliquam tincidunt, nunc ac mattis ornare, lectus ante dictum mi, ac mattis velit justo nec ante. Maecenas mi felis, adipiscing fringilla, porttitor vulputate, posuere vulputate, lacus. Cras interdum. Nunc sollicitudin commodo ipsum. Suspendisse non leo. Vivamus nibh dolor, nonummy ac, feugiat non, lobortis quis, pede. Suspendisse dui. Fusce diam nunc, ullamcorper eu, euismod ac, fermentum vel, mauris. Integer sem elit, pharetra', '2023-07-08', '2023-09-08', 20, '2021-08-04', '2024-04-14 18:35:16'),
(16, 8, 'assignment', 'Duis volutpat nunc sit amet metus. Aliquam erat volutpat. Nulla facilisis. Suspendisse commodo tincidunt nibh. Phasellus nulla. Integer vulputate, risus a ultricies adipiscing, enim mi tempor lorem, eget mollis lectus pede et risus. Quisque libero lacus, varius et, euismod et, commodo at, libero. Morbi accumsan laoreet ipsum. Curabitur consequat, lectus sit amet luctus vulputate, nisi sem semper erat, in consectetuer ipsum nunc id enim. Curabitur massa. Vestibulum accumsan neque et nunc. Quisque ornare tortor at risus. Nunc ac sem ut dolor dapibus gravida. Aliquam tincidunt, nunc ac mattis ornare, lectus ante dictum mi, ac mattis velit justo nec ante. Maecenas', '2023-08-10', '2023-05-22', 60, '2022-01-09', '2024-04-14 18:35:16'),
(17, 2, 'exam', 'vitae purus gravida sagittis. Duis gravida. Praesent eu nulla at sem molestie sodales. Mauris blandit enim consequat purus. Maecenas libero est, congue a, aliquet vel, vulputate eu, odio. Phasellus at augue id ante dictum cursus. Nunc mauris elit, dictum eu, eleifend nec, malesuada ut, sem. Nulla interdum. Curabitur dictum. Phasellus in felis. Nulla tempor augue ac ipsum. Phasellus vitae mauris sit amet lorem semper auctor. Mauris vel turpis. Aliquam adipiscing lobortis risus. In mi pede, nonummy ut, molestie in, tempus eu, ligula. Aenean euismod mauris eu elit. Nulla facilisi. Sed neque. Sed eget lacus. Mauris non dui nec urna suscipit', '2023-05-13', '2023-08-15', 60, '2021-05-24', '2024-04-14 18:35:16'),
(18, 9, 'assignment', 'tempus scelerisque, lorem ipsum sodales purus, in molestie tortor nibh sit amet orci. Ut sagittis lobortis mauris. Suspendisse aliquet molestie tellus. Aenean egestas hendrerit neque. In ornare sagittis felis. Donec tempor, est ac mattis semper, dui lectus rutrum urna, nec luctus felis purus ac tellus. Suspendisse sed dolor. Fusce mi lorem, vehicula et, rutrum eu, ultrices sit amet, risus. Donec nibh enim, gravida sit amet, dapibus id, blandit at, nisi. Cum sociis natoque penatibus et magnis dis parturient montes, nascetur ridiculus mus. Proin vel nisl. Quisque fringilla euismod enim. Etiam gravida molestie arcu. Sed eu nibh vulputate mauris sagittis placerat.', '2023-06-02', '2023-09-04', 30, '2021-10-13', '2024-04-14 20:25:22'),
(19, 6, 'project', 'sed, est. Nunc laoreet lectus quis massa. Mauris vestibulum, neque sed dictum eleifend, nunc risus varius orci, in consequat enim diam vel arcu. Curabitur ut odio vel est tempor bibendum. Donec felis orci, adipiscing non, luctus sit amet, faucibus ut, nulla. Cras eu tellus eu augue porttitor interdum. Sed auctor odio a purus. Duis elementum, dui quis accumsan convallis, ante lectus convallis est, vitae sodales nisi magna sed dui. Fusce aliquam, enim nec tempus scelerisque, lorem ipsum sodales purus, in molestie tortor nibh sit amet orci. Ut sagittis lobortis mauris. Suspendisse aliquet molestie tellus. Aenean egestas hendrerit neque. In ornare', '2023-08-01', '2023-06-20', 80, '2020-06-24', '2024-04-14 18:35:16'),
(20, 7, 'project', 'rhoncus. Donec est. Nunc ullamcorper, velit in aliquet lobortis, nisi nibh lacinia orci, consectetuer euismod est arcu ac orci. Ut semper pretium neque. Morbi quis urna. Nunc quis arcu vel quam dignissim pharetra. Nam ac nulla. In tincidunt congue turpis. In condimentum. Donec at arcu. Vestibulum ante ipsum primis in faucibus orci luctus et ultrices posuere cubilia Curae Donec tincidunt. Donec vitae erat vel pede blandit congue. In scelerisque scelerisque dui. Suspendisse ac metus vitae velit egestas lacinia. Sed congue, elit sed consequat auctor, nunc nulla vulputate dui, nec tempus mauris erat eget ipsum. Suspendisse sagittis. Nullam vitae diam. Proin', '2023-06-04', '2023-06-15', 70, '2020-04-28', '2024-04-14 18:35:16'),
(21, 7, 'exam', 'Maecenas iaculis aliquet diam. Sed diam lorem, auctor quis, tristique ac, eleifend vitae, erat. Vivamus nisi. Mauris nulla. Integer urna. Vivamus molestie dapibus ligula. Aliquam erat volutpat. Nulla dignissim. Maecenas ornare egestas ligula. Nullam feugiat placerat velit. Quisque varius. Nam porttitor scelerisque neque. Nullam nisl. Maecenas malesuada fringilla est. Mauris eu turpis. Nulla aliquet. Proin velit. Sed malesuada augue ut lacus. Nulla tincidunt, neque vitae semper egestas, urna justo faucibus lectus, a sollicitudin orci sem eget massa. Suspendisse eleifend. Cras sed leo. Cras vehicula aliquet libero. Integer in magna. Phasellus dolor elit, pellentesque a, facilisis non, bibendum sed, est. Nunc', '2023-07-17', '2023-05-19', 50, '2021-04-07', '2024-04-14 18:35:16'),
(22, 3, 'project', 'et netus et malesuada fames ac turpis egestas. Fusce aliquet magna a neque. Nullam ut nisi a odio semper cursus. Integer mollis. Integer tincidunt aliquam arcu. Aliquam ultrices iaculis odio. Nam interdum enim non nisi. Aenean eget metus. In nec orci. Donec nibh. Quisque nonummy ipsum non arcu. Vivamus sit amet risus. Donec egestas. Aliquam nec enim. Nunc ut erat. Sed nunc est, mollis non, cursus non, egestas a, dui. Cras pellentesque. Sed dictum. Proin eget odio. Aliquam vulputate ullamcorper magna. Sed eu eros. Nam consequat dolor vitae dolor. Donec fringilla. Donec feugiat metus sit amet ante. Vivamus non lorem', '2023-07-15', '2023-05-28', 80, '2020-09-08', '2024-04-14 18:35:16'),
(23, 8, 'exam', 'pellentesque, tellus sem mollis dui, in sodales elit erat vitae risus. Duis a mi fringilla mi lacinia mattis. Integer eu lacus. Quisque imperdiet, erat nonummy ultricies ornare, elit elit fermentum risus, at fringilla purus mauris a nunc. In at pede. Cras vulputate velit eu sem. Pellentesque ut ipsum ac mi eleifend egestas. Sed pharetra, felis eget varius ultrices, mauris ipsum porta elit, a feugiat tellus lorem eu metus. In lorem. Donec elementum, lorem ut aliquam iaculis, lacus pede sagittis augue, eu tempor erat neque non quam. Pellentesque habitant morbi tristique senectus et netus et malesuada fames ac turpis egestas. Aliquam', '2023-05-23', '2023-08-02', 10, '2021-04-02', '2024-04-14 18:35:16'),
(24, 7, 'exam', 'velit eu sem. Pellentesque ut ipsum ac mi eleifend egestas. Sed pharetra, felis eget varius ultrices, mauris ipsum porta elit, a feugiat tellus lorem eu metus. In lorem. Donec elementum, lorem ut aliquam iaculis, lacus pede sagittis augue, eu tempor erat neque non quam. Pellentesque habitant morbi tristique senectus et netus et malesuada fames ac turpis egestas. Aliquam fringilla cursus purus. Nullam scelerisque neque sed sem egestas blandit. Nam nulla magna, malesuada vel, convallis in, cursus et, eros. Proin ultrices. Duis volutpat nunc sit amet metus. Aliquam erat volutpat. Nulla facilisis. Suspendisse commodo tincidunt nibh. Phasellus nulla. Integer vulputate, risus', '2023-06-07', '2023-05-11', 70, '2020-06-16', '2024-04-14 18:35:16'),
(25, 10, 'exam', 'aliquam eros turpis non enim. Mauris quis turpis vitae purus gravida sagittis. Duis gravida. Praesent eu nulla at sem molestie sodales. Mauris blandit enim consequat purus. Maecenas libero est, congue a, aliquet vel, vulputate eu, odio. Phasellus at augue id ante dictum cursus. Nunc mauris elit, dictum eu, eleifend nec, malesuada ut, sem. Nulla interdum. Curabitur dictum. Phasellus in felis. Nulla tempor augue ac ipsum. Phasellus vitae mauris sit amet lorem semper auctor. Mauris vel turpis. Aliquam adipiscing lobortis risus. In mi pede, nonummy ut, molestie in, tempus eu, ligula. Aenean euismod mauris eu elit. Nulla facilisi. Sed neque. Sed', '2023-05-04', '2023-07-06', 100, '2020-06-07', '2024-04-14 18:35:16'),
(26, 9, 'project', 'quis turpis vitae purus gravida sagittis. Duis gravida. Praesent eu nulla at sem molestie sodales. Mauris blandit enim consequat purus. Maecenas libero est, congue a, aliquet vel, vulputate eu, odio. Phasellus at augue id ante dictum cursus. Nunc mauris elit, dictum eu, eleifend nec, malesuada ut, sem. Nulla interdum. Curabitur dictum. Phasellus in felis. Nulla tempor augue ac ipsum. Phasellus vitae mauris sit amet lorem semper auctor. Mauris vel turpis. Aliquam adipiscing lobortis risus. In mi pede, nonummy ut, molestie in, tempus eu, ligula. Aenean euismod mauris eu elit. Nulla facilisi. Sed neque. Sed eget lacus. Mauris non dui nec', '2023-06-28', '2023-07-23', 90, '2021-05-28', '2024-04-14 18:35:16'),
(27, 9, 'exam', 'turpis egestas. Aliquam fringilla cursus purus. Nullam scelerisque neque sed sem egestas blandit. Nam nulla magna, malesuada vel, convallis in, cursus et, eros. Proin ultrices. Duis volutpat nunc sit amet metus. Aliquam erat volutpat. Nulla facilisis. Suspendisse commodo tincidunt nibh. Phasellus nulla. Integer vulputate, risus a ultricies adipiscing, enim mi tempor lorem, eget mollis lectus pede et risus. Quisque libero lacus, varius et, euismod et, commodo at, libero. Morbi accumsan laoreet ipsum. Curabitur consequat, lectus sit amet luctus vulputate, nisi sem semper erat, in consectetuer ipsum nunc id enim. Curabitur massa. Vestibulum accumsan neque et nunc. Quisque ornare tortor at', '2023-06-27', '2023-09-28', 90, '2022-01-14', '2024-04-14 18:35:16'),
(28, 3, 'assignment', 'diam. Duis mi enim, condimentum eget, volutpat ornare, facilisis eget, ipsum. Donec sollicitudin adipiscing ligula. Aenean gravida nunc sed pede. Cum sociis natoque penatibus et magnis dis parturient montes, nascetur ridiculus mus. Proin vel arcu eu odio tristique pharetra. Quisque ac libero nec ligula consectetuer rhoncus. Nullam velit dui, semper et, lacinia vitae, sodales at, velit. Pellentesque ultricies dignissim lacus. Aliquam rutrum lorem ac risus. Morbi metus. Vivamus euismod urna. Nullam lobortis quam a felis ullamcorper viverra. Maecenas iaculis aliquet diam. Sed diam lorem, auctor quis, tristique ac, eleifend vitae, erat. Vivamus nisi. Mauris nulla. Integer urna. Vivamus molestie dapibus', '2023-05-11', '2023-09-01', 60, '2020-11-13', '2024-04-14 18:35:16'),
(29, 7, 'exam', 'Sed nec metus facilisis lorem tristique aliquet. Phasellus fermentum convallis ligula. Donec luctus aliquet odio. Etiam ligula tortor, dictum eu, placerat eget, venenatis a, magna. Lorem ipsum dolor sit amet, consectetuer adipiscing elit. Etiam laoreet, libero et tristique pellentesque, tellus sem mollis dui, in sodales elit erat vitae risus. Duis a mi fringilla mi lacinia mattis. Integer eu lacus. Quisque imperdiet, erat nonummy ultricies ornare, elit elit fermentum risus, at fringilla purus mauris a nunc. In at pede. Cras vulputate velit eu sem. Pellentesque ut ipsum ac mi eleifend egestas. Sed pharetra, felis eget varius ultrices, mauris ipsum porta elit,', '2023-07-24', '2023-06-01', 70, '2022-04-12', '2024-04-14 18:35:16'),
(30, 8, 'project', 'lorem semper auctor. Mauris vel turpis. Aliquam adipiscing lobortis risus. In mi pede, nonummy ut, molestie in, tempus eu, ligula. Aenean euismod mauris eu elit. Nulla facilisi. Sed neque. Sed eget lacus. Mauris non dui nec urna suscipit nonummy. Fusce fermentum fermentum arcu. Vestibulum ante ipsum primis in faucibus orci luctus et ultrices posuere cubilia Curae Phasellus ornare. Fusce mollis. Duis sit amet diam eu dolor egestas rhoncus. Proin nisl sem, consequat nec, mollis vitae, posuere at, velit. Cras lorem lorem, luctus ut, pellentesque eget, dictum placerat, augue. Sed molestie. Sed id risus quis diam luctus lobortis. Class aptent taciti', '2023-05-05', '2023-07-06', 60, '2021-08-20', '2024-04-14 18:35:16'),
(31, 3, 'project', 'Aenean egestas hendrerit neque. In ornare sagittis felis. Donec tempor, est ac mattis semper, dui lectus rutrum urna, nec luctus felis purus ac tellus. Suspendisse sed dolor. Fusce mi lorem, vehicula et, rutrum eu, ultrices sit amet, risus. Donec nibh enim, gravida sit amet, dapibus id, blandit at, nisi. Cum sociis natoque penatibus et magnis dis parturient montes, nascetur ridiculus mus. Proin vel nisl. Quisque fringilla euismod enim. Etiam gravida molestie arcu. Sed eu nibh vulputate mauris sagittis placerat. Cras dictum ultricies ligula. Nullam enim. Sed nulla ante, iaculis nec, eleifend non, dapibus rutrum, justo. Praesent luctus. Curabitur egestas nunc', '2023-06-26', '2023-05-26', 20, '2021-10-14', '2024-04-14 18:35:17'),
(32, 5, 'exam', 'sociis natoque penatibus et magnis dis parturient montes, nascetur ridiculus mus. Aenean eget magna. Suspendisse tristique neque venenatis lacus. Etiam bibendum fermentum metus. Aenean sed pede nec ante blandit viverra. Donec tempus, lorem fringilla ornare placerat, orci lacus vestibulum lorem, sit amet ultricies sem magna nec quam. Curabitur vel lectus. Cum sociis natoque penatibus et magnis dis parturient montes, nascetur ridiculus mus. Donec dignissim magna a tortor. Nunc commodo auctor velit. Aliquam nisl. Nulla eu neque pellentesque massa lobortis ultrices. Vivamus rhoncus. Donec est. Nunc ullamcorper, velit in aliquet lobortis, nisi nibh lacinia orci, consectetuer euismod est arcu ac orci.', '2023-06-01', '2023-05-05', 70, '2020-09-19', '2024-04-14 18:35:17'),
(33, 9, 'exam', 'placerat, orci lacus vestibulum lorem, sit amet ultricies sem magna nec quam. Curabitur vel lectus. Cum sociis natoque penatibus et magnis dis parturient montes, nascetur ridiculus mus. Donec dignissim magna a tortor. Nunc commodo auctor velit. Aliquam nisl. Nulla eu neque pellentesque massa lobortis ultrices. Vivamus rhoncus. Donec est. Nunc ullamcorper, velit in aliquet lobortis, nisi nibh lacinia orci, consectetuer euismod est arcu ac orci. Ut semper pretium neque. Morbi quis urna. Nunc quis arcu vel quam dignissim pharetra. Nam ac nulla. In tincidunt congue turpis. In condimentum. Donec at arcu. Vestibulum ante ipsum primis in faucibus orci luctus et', '2023-07-19', '2023-07-21', 70, '2021-10-29', '2024-04-14 18:35:17'),
(34, 6, 'project', 'malesuada vel, convallis in, cursus et, eros. Proin ultrices. Duis volutpat nunc sit amet metus. Aliquam erat volutpat. Nulla facilisis. Suspendisse commodo tincidunt nibh. Phasellus nulla. Integer vulputate, risus a ultricies adipiscing, enim mi tempor lorem, eget mollis lectus pede et risus. Quisque libero lacus, varius et, euismod et, commodo at, libero. Morbi accumsan laoreet ipsum. Curabitur consequat, lectus sit amet luctus vulputate, nisi sem semper erat, in consectetuer ipsum nunc id enim. Curabitur massa. Vestibulum accumsan neque et nunc. Quisque ornare tortor at risus. Nunc ac sem ut dolor dapibus gravida. Aliquam tincidunt, nunc ac mattis ornare, lectus ante', '2023-05-28', '2023-08-25', 40, '2020-05-06', '2024-04-14 18:35:17'),
(35, 9, 'exam', 'orci, consectetuer euismod est arcu ac orci. Ut semper pretium neque. Morbi quis urna. Nunc quis arcu vel quam dignissim pharetra. Nam ac nulla. In tincidunt congue turpis. In condimentum. Donec at arcu. Vestibulum ante ipsum primis in faucibus orci luctus et ultrices posuere cubilia Curae Donec tincidunt. Donec vitae erat vel pede blandit congue. In scelerisque scelerisque dui. Suspendisse ac metus vitae velit egestas lacinia. Sed congue, elit sed consequat auctor, nunc nulla vulputate dui, nec tempus mauris erat eget ipsum. Suspendisse sagittis. Nullam vitae diam. Proin dolor. Nulla semper tellus id nunc interdum feugiat. Sed nec metus facilisis', '2023-06-09', '2023-08-06', 30, '2021-08-13', '2024-04-14 18:35:17'),
(36, 9, 'exam', 'dictum augue malesuada malesuada. Integer id magna et ipsum cursus vestibulum. Mauris magna. Duis dignissim tempor arcu. Vestibulum ut eros non enim commodo hendrerit. Donec porttitor tellus non magna. Nam ligula elit, pretium et, rutrum non, hendrerit id, ante. Nunc mauris sapien, cursus in, hendrerit consectetuer, cursus et, magna. Praesent interdum ligula eu enim. Etiam imperdiet dictum magna. Ut tincidunt orci quis lectus. Nullam suscipit, est ac facilisis facilisis, magna tellus faucibus leo, in lobortis tellus justo sit amet nulla. Donec non justo. Proin non massa non ante bibendum ullamcorper. Duis cursus, diam at pretium aliquet, metus urna convallis erat,', '2023-05-11', '2023-09-25', 50, '2021-10-08', '2024-04-14 18:35:17'),
(37, 3, 'exam', 'nascetur ridiculus mus. Proin vel nisl. Quisque fringilla euismod enim. Etiam gravida molestie arcu. Sed eu nibh vulputate mauris sagittis placerat. Cras dictum ultricies ligula. Nullam enim. Sed nulla ante, iaculis nec, eleifend non, dapibus rutrum, justo. Praesent luctus. Curabitur egestas nunc sed libero. Proin sed turpis nec mauris blandit mattis. Cras eget nisi dictum augue malesuada malesuada. Integer id magna et ipsum cursus vestibulum. Mauris magna. Duis dignissim tempor arcu. Vestibulum ut eros non enim commodo hendrerit. Donec porttitor tellus non magna. Nam ligula elit, pretium et, rutrum non, hendrerit id, ante. Nunc mauris sapien, cursus in, hendrerit consectetuer,', '2023-07-11', '2023-09-26', 10, '2021-10-23', '2024-04-14 18:35:17'),
(38, 5, 'project', 'et tristique pellentesque, tellus sem mollis dui, in sodales elit erat vitae risus. Duis a mi fringilla mi lacinia mattis. Integer eu lacus. Quisque imperdiet, erat nonummy ultricies ornare, elit elit fermentum risus, at fringilla purus mauris a nunc. In at pede. Cras vulputate velit eu sem. Pellentesque ut ipsum ac mi eleifend egestas. Sed pharetra, felis eget varius ultrices, mauris ipsum porta elit, a feugiat tellus lorem eu metus. In lorem. Donec elementum, lorem ut aliquam iaculis, lacus pede sagittis augue, eu tempor erat neque non quam. Pellentesque habitant morbi tristique senectus et netus et malesuada fames ac turpis', '2023-06-11', '2023-09-14', 50, '2020-06-07', '2024-04-14 18:35:17'),
(39, 6, 'project', 'a nunc. In at pede. Cras vulputate velit eu sem. Pellentesque ut ipsum ac mi eleifend egestas. Sed pharetra, felis eget varius ultrices, mauris ipsum porta elit, a feugiat tellus lorem eu metus. In lorem. Donec elementum, lorem ut aliquam iaculis, lacus pede sagittis augue, eu tempor erat neque non quam. Pellentesque habitant morbi tristique senectus et netus et malesuada fames ac turpis egestas. Aliquam fringilla cursus purus. Nullam scelerisque neque sed sem egestas blandit. Nam nulla magna, malesuada vel, convallis in, cursus et, eros. Proin ultrices. Duis volutpat nunc sit amet metus. Aliquam erat volutpat. Nulla facilisis. Suspendisse commodo', '2023-07-18', '2023-09-29', 30, '2020-08-06', '2024-04-14 18:35:17'),
(40, 3, 'project', 'vulputate ullamcorper magna. Sed eu eros. Nam consequat dolor vitae dolor. Donec fringilla. Donec feugiat metus sit amet ante. Vivamus non lorem vitae odio sagittis semper. Nam tempor diam dictum sapien. Aenean massa. Integer vitae nibh. Donec est mauris, rhoncus id, mollis nec, cursus a, enim. Suspendisse aliquet, sem ut cursus luctus, ipsum leo elementum sem, vitae aliquam eros turpis non enim. Mauris quis turpis vitae purus gravida sagittis. Duis gravida. Praesent eu nulla at sem molestie sodales. Mauris blandit enim consequat purus. Maecenas libero est, congue a, aliquet vel, vulputate eu, odio. Phasellus at augue id ante dictum cursus.', '2023-07-09', '2023-06-23', 70, '2022-02-17', '2024-04-14 18:35:17'),
(41, 9, 'assignment', 'sodales nisi magna sed dui. Fusce aliquam, enim nec tempus scelerisque, lorem ipsum sodales purus, in molestie tortor nibh sit amet orci. Ut sagittis lobortis mauris. Suspendisse aliquet molestie tellus. Aenean egestas hendrerit neque. In ornare sagittis felis. Donec tempor, est ac mattis semper, dui lectus rutrum urna, nec luctus felis purus ac tellus. Suspendisse sed dolor. Fusce mi lorem, vehicula et, rutrum eu, ultrices sit amet, risus. Donec nibh enim, gravida sit amet, dapibus id, blandit at, nisi. Cum sociis natoque penatibus et magnis dis parturient montes, nascetur ridiculus mus. Proin vel nisl. Quisque fringilla euismod enim. Etiam gravida', '2023-06-14', '2023-06-03', 50, '2022-03-20', '2024-04-14 18:35:17'),
(42, 2, 'project', 'Nam ligula elit, pretium et, rutrum non, hendrerit id, ante. Nunc mauris sapien, cursus in, hendrerit consectetuer, cursus et, magna. Praesent interdum ligula eu enim. Etiam imperdiet dictum magna. Ut tincidunt orci quis lectus. Nullam suscipit, est ac facilisis facilisis, magna tellus faucibus leo, in lobortis tellus justo sit amet nulla. Donec non justo. Proin non massa non ante bibendum ullamcorper. Duis cursus, diam at pretium aliquet, metus urna convallis erat, eget tincidunt dui augue eu tellus. Phasellus elit pede, malesuada vel, venenatis vel, faucibus id, libero. Donec consectetuer mauris id sapien. Cras dolor dolor, tempus non, lacinia at, iaculis', '2023-07-10', '2023-08-28', 20, '2021-04-01', '2024-04-14 18:35:17'),
(43, 3, 'assignment', 'pretium aliquet, metus urna convallis erat, eget tincidunt dui augue eu tellus. Phasellus elit pede, malesuada vel, venenatis vel, faucibus id, libero. Donec consectetuer mauris id sapien. Cras dolor dolor, tempus non, lacinia at, iaculis quis, pede. Praesent eu dui. Cum sociis natoque penatibus et magnis dis parturient montes, nascetur ridiculus mus. Aenean eget magna. Suspendisse tristique neque venenatis lacus. Etiam bibendum fermentum metus. Aenean sed pede nec ante blandit viverra. Donec tempus, lorem fringilla ornare placerat, orci lacus vestibulum lorem, sit amet ultricies sem magna nec quam. Curabitur vel lectus. Cum sociis natoque penatibus et magnis dis parturient montes,', '2023-07-25', '2023-06-20', 30, '2020-09-11', '2024-04-14 18:35:17'),
(44, 3, 'project', 'ante blandit viverra. Donec tempus, lorem fringilla ornare placerat, orci lacus vestibulum lorem, sit amet ultricies sem magna nec quam. Curabitur vel lectus. Cum sociis natoque penatibus et magnis dis parturient montes, nascetur ridiculus mus. Donec dignissim magna a tortor. Nunc commodo auctor velit. Aliquam nisl. Nulla eu neque pellentesque massa lobortis ultrices. Vivamus rhoncus. Donec est. Nunc ullamcorper, velit in aliquet lobortis, nisi nibh lacinia orci, consectetuer euismod est arcu ac orci. Ut semper pretium neque. Morbi quis urna. Nunc quis arcu vel quam dignissim pharetra. Nam ac nulla. In tincidunt congue turpis. In condimentum. Donec at arcu. Vestibulum', '2023-08-03', '2023-09-05', 30, '2021-05-04', '2024-04-14 18:35:17'),
(45, 5, 'project', 'ac turpis egestas. Fusce aliquet magna a neque. Nullam ut nisi a odio semper cursus. Integer mollis. Integer tincidunt aliquam arcu. Aliquam ultrices iaculis odio. Nam interdum enim non nisi. Aenean eget metus. In nec orci. Donec nibh. Quisque nonummy ipsum non arcu. Vivamus sit amet risus. Donec egestas. Aliquam nec enim. Nunc ut erat. Sed nunc est, mollis non, cursus non, egestas a, dui. Cras pellentesque. Sed dictum. Proin eget odio. Aliquam vulputate ullamcorper magna. Sed eu eros. Nam consequat dolor vitae dolor. Donec fringilla. Donec feugiat metus sit amet ante. Vivamus non lorem vitae odio sagittis semper. Nam', '2023-05-06', '2023-05-02', 90, '2020-12-24', '2024-04-14 18:35:17'),
(46, 2, 'exam', 'Pellentesque habitant morbi tristique senectus et netus et malesuada fames ac turpis egestas. Aliquam fringilla cursus purus. Nullam scelerisque neque sed sem egestas blandit. Nam nulla magna, malesuada vel, convallis in, cursus et, eros. Proin ultrices. Duis volutpat nunc sit amet metus. Aliquam erat volutpat. Nulla facilisis. Suspendisse commodo tincidunt nibh. Phasellus nulla. Integer vulputate, risus a ultricies adipiscing, enim mi tempor lorem, eget mollis lectus pede et risus. Quisque libero lacus, varius et, euismod et, commodo at, libero. Morbi accumsan laoreet ipsum. Curabitur consequat, lectus sit amet luctus vulputate, nisi sem semper erat, in consectetuer ipsum nunc id enim.', '2023-08-24', '2023-06-02', 60, '2021-01-13', '2024-04-14 18:35:17'),
(47, 1, 'exam', 'interdum. Curabitur dictum. Phasellus in felis. Nulla tempor augue ac ipsum. Phasellus vitae mauris sit amet lorem semper auctor. Mauris vel turpis. Aliquam adipiscing lobortis risus. In mi pede, nonummy ut, molestie in, tempus eu, ligula. Aenean euismod mauris eu elit. Nulla facilisi. Sed neque. Sed eget lacus. Mauris non dui nec urna suscipit nonummy. Fusce fermentum fermentum arcu. Vestibulum ante ipsum primis in faucibus orci luctus et ultrices posuere cubilia Curae Phasellus ornare. Fusce mollis. Duis sit amet diam eu dolor egestas rhoncus. Proin nisl sem, consequat nec, mollis vitae, posuere at, velit. Cras lorem lorem, luctus ut, pellentesque', '2023-05-24', '2023-07-31', 80, '2021-06-27', '2024-04-14 18:35:17'),
(48, 4, 'project', 'ornare placerat, orci lacus vestibulum lorem, sit amet ultricies sem magna nec quam. Curabitur vel lectus. Cum sociis natoque penatibus et magnis dis parturient montes, nascetur ridiculus mus. Donec dignissim magna a tortor. Nunc commodo auctor velit. Aliquam nisl. Nulla eu neque pellentesque massa lobortis ultrices. Vivamus rhoncus. Donec est. Nunc ullamcorper, velit in aliquet lobortis, nisi nibh lacinia orci, consectetuer euismod est arcu ac orci. Ut semper pretium neque. Morbi quis urna. Nunc quis arcu vel quam dignissim pharetra. Nam ac nulla. In tincidunt congue turpis. In condimentum. Donec at arcu. Vestibulum ante ipsum primis in faucibus orci luctus', '2023-06-09', '2023-07-22', 20, '2021-11-10', '2024-04-14 18:35:17'),
(49, 3, 'assignment', 'egestas. Fusce aliquet magna a neque. Nullam ut nisi a odio semper cursus. Integer mollis. Integer tincidunt aliquam arcu. Aliquam ultrices iaculis odio. Nam interdum enim non nisi. Aenean eget metus. In nec orci. Donec nibh. Quisque nonummy ipsum non arcu. Vivamus sit amet risus. Donec egestas. Aliquam nec enim. Nunc ut erat. Sed nunc est, mollis non, cursus non, egestas a, dui. Cras pellentesque. Sed dictum. Proin eget odio. Aliquam vulputate ullamcorper magna. Sed eu eros. Nam consequat dolor vitae dolor. Donec fringilla. Donec feugiat metus sit amet ante. Vivamus non lorem vitae odio sagittis semper. Nam tempor diam', '2023-07-06', '2023-05-05', 20, '2022-03-16', '2024-04-14 18:35:17'),
(50, 4, 'exam', 'mi tempor lorem, eget mollis lectus pede et risus. Quisque libero lacus, varius et, euismod et, commodo at, libero. Morbi accumsan laoreet ipsum. Curabitur consequat, lectus sit amet luctus vulputate, nisi sem semper erat, in consectetuer ipsum nunc id enim. Curabitur massa. Vestibulum accumsan neque et nunc. Quisque ornare tortor at risus. Nunc ac sem ut dolor dapibus gravida. Aliquam tincidunt, nunc ac mattis ornare, lectus ante dictum mi, ac mattis velit justo nec ante. Maecenas mi felis, adipiscing fringilla, porttitor vulputate, posuere vulputate, lacus. Cras interdum. Nunc sollicitudin commodo ipsum. Suspendisse non leo. Vivamus nibh dolor, nonummy ac, feugiat', '2023-05-26', '2023-07-05', 90, '2021-07-30', '2024-04-14 18:35:17'),
(51, 2, 'assignment', 'tellus. Suspendisse sed dolor. Fusce mi lorem, vehicula et, rutrum eu, ultrices sit amet, risus. Donec nibh enim, gravida sit amet, dapibus id, blandit at, nisi. Cum sociis natoque penatibus et magnis dis parturient montes, nascetur ridiculus mus. Proin vel nisl. Quisque fringilla euismod enim. Etiam gravida molestie arcu. Sed eu nibh vulputate mauris sagittis placerat. Cras dictum ultricies ligula. Nullam enim. Sed nulla ante, iaculis nec, eleifend non, dapibus rutrum, justo. Praesent luctus. Curabitur egestas nunc sed libero. Proin sed turpis nec mauris blandit mattis. Cras eget nisi dictum augue malesuada malesuada. Integer id magna et ipsum cursus vestibulum.', '2023-07-12', '2023-07-17', 20, '2021-12-02', '2024-04-14 18:35:17'),
(52, 8, 'project', 'nascetur ridiculus mus. Proin vel nisl. Quisque fringilla euismod enim. Etiam gravida molestie arcu. Sed eu nibh vulputate mauris sagittis placerat. Cras dictum ultricies ligula. Nullam enim. Sed nulla ante, iaculis nec, eleifend non, dapibus rutrum, justo. Praesent luctus. Curabitur egestas nunc sed libero. Proin sed turpis nec mauris blandit mattis. Cras eget nisi dictum augue malesuada malesuada. Integer id magna et ipsum cursus vestibulum. Mauris magna. Duis dignissim tempor arcu. Vestibulum ut eros non enim commodo hendrerit. Donec porttitor tellus non magna. Nam ligula elit, pretium et, rutrum non, hendrerit id, ante. Nunc mauris sapien, cursus in, hendrerit consectetuer,', '2023-04-25', '2023-08-19', 30, '2021-07-27', '2024-04-14 18:35:17'),
(53, 5, 'project', 'nascetur ridiculus mus. Donec dignissim magna a tortor. Nunc commodo auctor velit. Aliquam nisl. Nulla eu neque pellentesque massa lobortis ultrices. Vivamus rhoncus. Donec est. Nunc ullamcorper, velit in aliquet lobortis, nisi nibh lacinia orci, consectetuer euismod est arcu ac orci. Ut semper pretium neque. Morbi quis urna. Nunc quis arcu vel quam dignissim pharetra. Nam ac nulla. In tincidunt congue turpis. In condimentum. Donec at arcu. Vestibulum ante ipsum primis in faucibus orci luctus et ultrices posuere cubilia Curae Donec tincidunt. Donec vitae erat vel pede blandit congue. In scelerisque scelerisque dui. Suspendisse ac metus vitae velit egestas lacinia.', '2023-06-07', '2023-06-05', 80, '2020-07-26', '2024-04-14 18:35:17'),
(54, 8, 'assignment', 'enim. Etiam imperdiet dictum magna. Ut tincidunt orci quis lectus. Nullam suscipit, est ac facilisis facilisis, magna tellus faucibus leo, in lobortis tellus justo sit amet nulla. Donec non justo. Proin non massa non ante bibendum ullamcorper. Duis cursus, diam at pretium aliquet, metus urna convallis erat, eget tincidunt dui augue eu tellus. Phasellus elit pede, malesuada vel, venenatis vel, faucibus id, libero. Donec consectetuer mauris id sapien. Cras dolor dolor, tempus non, lacinia at, iaculis quis, pede. Praesent eu dui. Cum sociis natoque penatibus et magnis dis parturient montes, nascetur ridiculus mus. Aenean eget magna. Suspendisse tristique neque venenatis', '2023-05-24', '2023-07-11', 90, '2021-10-23', '2024-04-14 18:35:17'),
(55, 5, 'assignment', 'mollis non, cursus non, egestas a, dui. Cras pellentesque. Sed dictum. Proin eget odio. Aliquam vulputate ullamcorper magna. Sed eu eros. Nam consequat dolor vitae dolor. Donec fringilla. Donec feugiat metus sit amet ante. Vivamus non lorem vitae odio sagittis semper. Nam tempor diam dictum sapien. Aenean massa. Integer vitae nibh. Donec est mauris, rhoncus id, mollis nec, cursus a, enim. Suspendisse aliquet, sem ut cursus luctus, ipsum leo elementum sem, vitae aliquam eros turpis non enim. Mauris quis turpis vitae purus gravida sagittis. Duis gravida. Praesent eu nulla at sem molestie sodales. Mauris blandit enim consequat purus. Maecenas libero', '2023-08-06', '2023-08-23', 50, '2020-09-13', '2024-04-14 18:35:17'),
(56, 8, 'assignment', 'aliquet diam. Sed diam lorem, auctor quis, tristique ac, eleifend vitae, erat. Vivamus nisi. Mauris nulla. Integer urna. Vivamus molestie dapibus ligula. Aliquam erat volutpat. Nulla dignissim. Maecenas ornare egestas ligula. Nullam feugiat placerat velit. Quisque varius. Nam porttitor scelerisque neque. Nullam nisl. Maecenas malesuada fringilla est. Mauris eu turpis. Nulla aliquet. Proin velit. Sed malesuada augue ut lacus. Nulla tincidunt, neque vitae semper egestas, urna justo faucibus lectus, a sollicitudin orci sem eget massa. Suspendisse eleifend. Cras sed leo. Cras vehicula aliquet libero. Integer in magna. Phasellus dolor elit, pellentesque a, facilisis non, bibendum sed, est. Nunc laoreet lectus', '2023-04-22', '2023-07-15', 30, '2020-11-21', '2024-04-14 18:35:17'),
(57, 4, 'project', 'Mauris non dui nec urna suscipit nonummy. Fusce fermentum fermentum arcu. Vestibulum ante ipsum primis in faucibus orci luctus et ultrices posuere cubilia Curae Phasellus ornare. Fusce mollis. Duis sit amet diam eu dolor egestas rhoncus. Proin nisl sem, consequat nec, mollis vitae, posuere at, velit. Cras lorem lorem, luctus ut, pellentesque eget, dictum placerat, augue. Sed molestie. Sed id risus quis diam luctus lobortis. Class aptent taciti sociosqu ad litora torquent per conubia nostra, per inceptos hymenaeos. Mauris ut quam vel sapien imperdiet ornare. In faucibus. Morbi vehicula. Pellentesque tincidunt tempus risus. Donec egestas. Duis ac arcu. Nunc mauris.', '2023-08-30', '2023-05-17', 90, '2021-09-28', '2024-04-14 18:35:17'),
(58, 4, 'project', 'amet, faucibus ut, nulla. Cras eu tellus eu augue porttitor interdum. Sed auctor odio a purus. Duis elementum, dui quis accumsan convallis, ante lectus convallis est, vitae sodales nisi magna sed dui. Fusce aliquam, enim nec tempus scelerisque, lorem ipsum sodales purus, in molestie tortor nibh sit amet orci. Ut sagittis lobortis mauris. Suspendisse aliquet molestie tellus. Aenean egestas hendrerit neque. In ornare sagittis felis. Donec tempor, est ac mattis semper, dui lectus rutrum urna, nec luctus felis purus ac tellus. Suspendisse sed dolor. Fusce mi lorem, vehicula et, rutrum eu, ultrices sit amet, risus. Donec nibh enim, gravida sit', '2023-08-13', '2023-08-07', 20, '2021-06-30', '2024-04-14 18:35:17'),
(59, 6, 'assignment', 'velit. Pellentesque ultricies dignissim lacus. Aliquam rutrum lorem ac risus. Morbi metus. Vivamus euismod urna. Nullam lobortis quam a felis ullamcorper viverra. Maecenas iaculis aliquet diam. Sed diam lorem, auctor quis, tristique ac, eleifend vitae, erat. Vivamus nisi. Mauris nulla. Integer urna. Vivamus molestie dapibus ligula. Aliquam erat volutpat. Nulla dignissim. Maecenas ornare egestas ligula. Nullam feugiat placerat velit. Quisque varius. Nam porttitor scelerisque neque. Nullam nisl. Maecenas malesuada fringilla est. Mauris eu turpis. Nulla aliquet. Proin velit. Sed malesuada augue ut lacus. Nulla tincidunt, neque vitae semper egestas, urna justo faucibus lectus, a sollicitudin orci sem eget massa. Suspendisse', '2023-08-12', '2023-07-24', 50, '2020-08-07', '2024-04-14 18:35:17'),
(60, 6, 'exam', 'Nunc commodo auctor velit. Aliquam nisl. Nulla eu neque pellentesque massa lobortis ultrices. Vivamus rhoncus. Donec est. Nunc ullamcorper, velit in aliquet lobortis, nisi nibh lacinia orci, consectetuer euismod est arcu ac orci. Ut semper pretium neque. Morbi quis urna. Nunc quis arcu vel quam dignissim pharetra. Nam ac nulla. In tincidunt congue turpis. In condimentum. Donec at arcu. Vestibulum ante ipsum primis in faucibus orci luctus et ultrices posuere cubilia Curae Donec tincidunt. Donec vitae erat vel pede blandit congue. In scelerisque scelerisque dui. Suspendisse ac metus vitae velit egestas lacinia. Sed congue, elit sed consequat auctor, nunc nulla', '2023-05-30', '2023-09-12', 100, '2021-12-13', '2024-04-14 18:35:17'),
(61, 4, 'assignment', 'at, egestas a, scelerisque sed, sapien. Nunc pulvinar arcu et pede. Nunc sed orci lobortis augue scelerisque mollis. Phasellus libero mauris, aliquam eu, accumsan sed, facilisis vitae, orci. Phasellus dapibus quam quis diam. Pellentesque habitant morbi tristique senectus et netus et malesuada fames ac turpis egestas. Fusce aliquet magna a neque. Nullam ut nisi a odio semper cursus. Integer mollis. Integer tincidunt aliquam arcu. Aliquam ultrices iaculis odio. Nam interdum enim non nisi. Aenean eget metus. In nec orci. Donec nibh. Quisque nonummy ipsum non arcu. Vivamus sit amet risus. Donec egestas. Aliquam nec enim. Nunc ut erat. Sed nunc', '2023-06-27', '2023-06-12', 80, '2021-08-03', '2024-04-14 18:35:17'),
(62, 8, 'assignment', 'Donec nibh enim, gravida sit amet, dapibus id, blandit at, nisi. Cum sociis natoque penatibus et magnis dis parturient montes, nascetur ridiculus mus. Proin vel nisl. Quisque fringilla euismod enim. Etiam gravida molestie arcu. Sed eu nibh vulputate mauris sagittis placerat. Cras dictum ultricies ligula. Nullam enim. Sed nulla ante, iaculis nec, eleifend non, dapibus rutrum, justo. Praesent luctus. Curabitur egestas nunc sed libero. Proin sed turpis nec mauris blandit mattis. Cras eget nisi dictum augue malesuada malesuada. Integer id magna et ipsum cursus vestibulum. Mauris magna. Duis dignissim tempor arcu. Vestibulum ut eros non enim commodo hendrerit. Donec porttitor', '2023-05-28', '2023-05-17', 90, '2021-03-21', '2024-04-14 18:35:17'),
(63, 9, 'exam', 'Aenean sed pede nec ante blandit viverra. Donec tempus, lorem fringilla ornare placerat, orci lacus vestibulum lorem, sit amet ultricies sem magna nec quam. Curabitur vel lectus. Cum sociis natoque penatibus et magnis dis parturient montes, nascetur ridiculus mus. Donec dignissim magna a tortor. Nunc commodo auctor velit. Aliquam nisl. Nulla eu neque pellentesque massa lobortis ultrices. Vivamus rhoncus. Donec est. Nunc ullamcorper, velit in aliquet lobortis, nisi nibh lacinia orci, consectetuer euismod est arcu ac orci. Ut semper pretium neque. Morbi quis urna. Nunc quis arcu vel quam dignissim pharetra. Nam ac nulla. In tincidunt congue turpis. In condimentum.', '2023-06-07', '2023-07-16', 50, '2021-07-07', '2024-04-14 18:35:17'),
(64, 2, 'assignment', 'non magna. Nam ligula elit, pretium et, rutrum non, hendrerit id, ante. Nunc mauris sapien, cursus in, hendrerit consectetuer, cursus et, magna. Praesent interdum ligula eu enim. Etiam imperdiet dictum magna. Ut tincidunt orci quis lectus. Nullam suscipit, est ac facilisis facilisis, magna tellus faucibus leo, in lobortis tellus justo sit amet nulla. Donec non justo. Proin non massa non ante bibendum ullamcorper. Duis cursus, diam at pretium aliquet, metus urna convallis erat, eget tincidunt dui augue eu tellus. Phasellus elit pede, malesuada vel, venenatis vel, faucibus id, libero. Donec consectetuer mauris id sapien. Cras dolor dolor, tempus non, lacinia', '2023-07-13', '2023-08-25', 40, '2021-10-13', '2024-04-14 18:35:17'),
(65, 9, 'assignment', 'ac mattis velit justo nec ante. Maecenas mi felis, adipiscing fringilla, porttitor vulputate, posuere vulputate, lacus. Cras interdum. Nunc sollicitudin commodo ipsum. Suspendisse non leo. Vivamus nibh dolor, nonummy ac, feugiat non, lobortis quis, pede. Suspendisse dui. Fusce diam nunc, ullamcorper eu, euismod ac, fermentum vel, mauris. Integer sem elit, pharetra ut, pharetra sed, hendrerit a, arcu. Sed et libero. Proin mi. Aliquam gravida mauris ut mi. Duis risus odio, auctor vitae, aliquet nec, imperdiet nec, leo. Morbi neque tellus, imperdiet non, vestibulum nec, euismod in, dolor. Fusce feugiat. Lorem ipsum dolor sit amet, consectetuer adipiscing elit. Aliquam auctor, velit', '2023-08-21', '2023-07-17', 20, '2021-08-06', '2024-04-14 18:35:17');
INSERT INTO `course_coursework` (`cw_id`, `cw_c_id`, `cw_course_type`, `cw_content`, `cw_release_date`, `cw_due_date`, `cw_total`, `created_at`, `updated_at`) VALUES
(66, 8, 'exam', 'adipiscing, enim mi tempor lorem, eget mollis lectus pede et risus. Quisque libero lacus, varius et, euismod et, commodo at, libero. Morbi accumsan laoreet ipsum. Curabitur consequat, lectus sit amet luctus vulputate, nisi sem semper erat, in consectetuer ipsum nunc id enim. Curabitur massa. Vestibulum accumsan neque et nunc. Quisque ornare tortor at risus. Nunc ac sem ut dolor dapibus gravida. Aliquam tincidunt, nunc ac mattis ornare, lectus ante dictum mi, ac mattis velit justo nec ante. Maecenas mi felis, adipiscing fringilla, porttitor vulputate, posuere vulputate, lacus. Cras interdum. Nunc sollicitudin commodo ipsum. Suspendisse non leo. Vivamus nibh dolor, nonummy', '2023-05-09', '2023-05-19', 50, '2021-12-18', '2024-04-14 18:35:17'),
(67, 7, 'assignment', 'velit egestas lacinia. Sed congue, elit sed consequat auctor, nunc nulla vulputate dui, nec tempus mauris erat eget ipsum. Suspendisse sagittis. Nullam vitae diam. Proin dolor. Nulla semper tellus id nunc interdum feugiat. Sed nec metus facilisis lorem tristique aliquet. Phasellus fermentum convallis ligula. Donec luctus aliquet odio. Etiam ligula tortor, dictum eu, placerat eget, venenatis a, magna. Lorem ipsum dolor sit amet, consectetuer adipiscing elit. Etiam laoreet, libero et tristique pellentesque, tellus sem mollis dui, in sodales elit erat vitae risus. Duis a mi fringilla mi lacinia mattis. Integer eu lacus. Quisque imperdiet, erat nonummy ultricies ornare, elit elit', '2023-07-27', '2023-06-08', 80, '2022-01-22', '2024-04-14 18:35:17'),
(68, 1, 'exam', 'eget massa. Suspendisse eleifend. Cras sed leo. Cras vehicula aliquet libero. Integer in magna. Phasellus dolor elit, pellentesque a, facilisis non, bibendum sed, est. Nunc laoreet lectus quis massa. Mauris vestibulum, neque sed dictum eleifend, nunc risus varius orci, in consequat enim diam vel arcu. Curabitur ut odio vel est tempor bibendum. Donec felis orci, adipiscing non, luctus sit amet, faucibus ut, nulla. Cras eu tellus eu augue porttitor interdum. Sed auctor odio a purus. Duis elementum, dui quis accumsan convallis, ante lectus convallis est, vitae sodales nisi magna sed dui. Fusce aliquam, enim nec tempus scelerisque, lorem ipsum sodales', '2023-04-25', '2023-09-03', 60, '2021-07-27', '2024-04-14 18:35:17'),
(69, 9, 'project', 'Phasellus vitae mauris sit amet lorem semper auctor. Mauris vel turpis. Aliquam adipiscing lobortis risus. In mi pede, nonummy ut, molestie in, tempus eu, ligula. Aenean euismod mauris eu elit. Nulla facilisi. Sed neque. Sed eget lacus. Mauris non dui nec urna suscipit nonummy. Fusce fermentum fermentum arcu. Vestibulum ante ipsum primis in faucibus orci luctus et ultrices posuere cubilia Curae Phasellus ornare. Fusce mollis. Duis sit amet diam eu dolor egestas rhoncus. Proin nisl sem, consequat nec, mollis vitae, posuere at, velit. Cras lorem lorem, luctus ut, pellentesque eget, dictum placerat, augue. Sed molestie. Sed id risus quis diam', '2023-06-19', '2023-09-17', 70, '2021-07-28', '2024-04-14 18:35:17'),
(70, 3, 'project', 'non, luctus sit amet, faucibus ut, nulla. Cras eu tellus eu augue porttitor interdum. Sed auctor odio a purus. Duis elementum, dui quis accumsan convallis, ante lectus convallis est, vitae sodales nisi magna sed dui. Fusce aliquam, enim nec tempus scelerisque, lorem ipsum sodales purus, in molestie tortor nibh sit amet orci. Ut sagittis lobortis mauris. Suspendisse aliquet molestie tellus. Aenean egestas hendrerit neque. In ornare sagittis felis. Donec tempor, est ac mattis semper, dui lectus rutrum urna, nec luctus felis purus ac tellus. Suspendisse sed dolor. Fusce mi lorem, vehicula et, rutrum eu, ultrices sit amet, risus. Donec nibh', '2023-05-02', '2023-06-01', 50, '2020-12-15', '2024-04-14 18:35:17'),
(71, 5, 'assignment', 'magna a neque. Nullam ut nisi a odio semper cursus. Integer mollis. Integer tincidunt aliquam arcu. Aliquam ultrices iaculis odio. Nam interdum enim non nisi. Aenean eget metus. In nec orci. Donec nibh. Quisque nonummy ipsum non arcu. Vivamus sit amet risus. Donec egestas. Aliquam nec enim. Nunc ut erat. Sed nunc est, mollis non, cursus non, egestas a, dui. Cras pellentesque. Sed dictum. Proin eget odio. Aliquam vulputate ullamcorper magna. Sed eu eros. Nam consequat dolor vitae dolor. Donec fringilla. Donec feugiat metus sit amet ante. Vivamus non lorem vitae odio sagittis semper. Nam tempor diam dictum sapien. Aenean', '2023-05-20', '2023-05-13', 60, '2021-05-30', '2024-04-14 18:35:17'),
(72, 8, 'assignment', 'Nunc quis arcu vel quam dignissim pharetra. Nam ac nulla. In tincidunt congue turpis. In condimentum. Donec at arcu. Vestibulum ante ipsum primis in faucibus orci luctus et ultrices posuere cubilia Curae Donec tincidunt. Donec vitae erat vel pede blandit congue. In scelerisque scelerisque dui. Suspendisse ac metus vitae velit egestas lacinia. Sed congue, elit sed consequat auctor, nunc nulla vulputate dui, nec tempus mauris erat eget ipsum. Suspendisse sagittis. Nullam vitae diam. Proin dolor. Nulla semper tellus id nunc interdum feugiat. Sed nec metus facilisis lorem tristique aliquet. Phasellus fermentum convallis ligula. Donec luctus aliquet odio. Etiam ligula tortor,', '2023-06-29', '2023-07-25', 90, '2021-01-21', '2024-04-14 18:35:17'),
(73, 6, 'assignment', 'ac facilisis facilisis, magna tellus faucibus leo, in lobortis tellus justo sit amet nulla. Donec non justo. Proin non massa non ante bibendum ullamcorper. Duis cursus, diam at pretium aliquet, metus urna convallis erat, eget tincidunt dui augue eu tellus. Phasellus elit pede, malesuada vel, venenatis vel, faucibus id, libero. Donec consectetuer mauris id sapien. Cras dolor dolor, tempus non, lacinia at, iaculis quis, pede. Praesent eu dui. Cum sociis natoque penatibus et magnis dis parturient montes, nascetur ridiculus mus. Aenean eget magna. Suspendisse tristique neque venenatis lacus. Etiam bibendum fermentum metus. Aenean sed pede nec ante blandit viverra. Donec', '2023-04-27', '2023-09-13', 50, '2021-07-18', '2024-04-14 18:35:17'),
(74, 9, 'exam', 'auctor ullamcorper, nisl arcu iaculis enim, sit amet ornare lectus justo eu arcu. Morbi sit amet massa. Quisque porttitor eros nec tellus. Nunc lectus pede, ultrices a, auctor non, feugiat nec, diam. Duis mi enim, condimentum eget, volutpat ornare, facilisis eget, ipsum. Donec sollicitudin adipiscing ligula. Aenean gravida nunc sed pede. Cum sociis natoque penatibus et magnis dis parturient montes, nascetur ridiculus mus. Proin vel arcu eu odio tristique pharetra. Quisque ac libero nec ligula consectetuer rhoncus. Nullam velit dui, semper et, lacinia vitae, sodales at, velit. Pellentesque ultricies dignissim lacus. Aliquam rutrum lorem ac risus. Morbi metus. Vivamus euismod', '2023-08-29', '2023-05-07', 20, '2022-01-06', '2024-04-14 18:35:17'),
(75, 4, 'exam', 'dapibus rutrum, justo. Praesent luctus. Curabitur egestas nunc sed libero. Proin sed turpis nec mauris blandit mattis. Cras eget nisi dictum augue malesuada malesuada. Integer id magna et ipsum cursus vestibulum. Mauris magna. Duis dignissim tempor arcu. Vestibulum ut eros non enim commodo hendrerit. Donec porttitor tellus non magna. Nam ligula elit, pretium et, rutrum non, hendrerit id, ante. Nunc mauris sapien, cursus in, hendrerit consectetuer, cursus et, magna. Praesent interdum ligula eu enim. Etiam imperdiet dictum magna. Ut tincidunt orci quis lectus. Nullam suscipit, est ac facilisis facilisis, magna tellus faucibus leo, in lobortis tellus justo sit amet nulla.', '2023-05-31', '2023-07-19', 70, '2020-09-22', '2024-04-14 18:35:17'),
(76, 4, 'project', 'quam vel sapien imperdiet ornare. In faucibus. Morbi vehicula. Pellentesque tincidunt tempus risus. Donec egestas. Duis ac arcu. Nunc mauris. Morbi non sapien molestie orci tincidunt adipiscing. Mauris molestie pharetra nibh. Aliquam ornare, libero at auctor ullamcorper, nisl arcu iaculis enim, sit amet ornare lectus justo eu arcu. Morbi sit amet massa. Quisque porttitor eros nec tellus. Nunc lectus pede, ultrices a, auctor non, feugiat nec, diam. Duis mi enim, condimentum eget, volutpat ornare, facilisis eget, ipsum. Donec sollicitudin adipiscing ligula. Aenean gravida nunc sed pede. Cum sociis natoque penatibus et magnis dis parturient montes, nascetur ridiculus mus. Proin vel', '2023-06-03', '2023-06-21', 40, '2021-06-20', '2024-04-14 18:35:17'),
(77, 8, 'project', 'ac urna. Ut tincidunt vehicula risus. Nulla eget metus eu erat semper rutrum. Fusce dolor quam, elementum at, egestas a, scelerisque sed, sapien. Nunc pulvinar arcu et pede. Nunc sed orci lobortis augue scelerisque mollis. Phasellus libero mauris, aliquam eu, accumsan sed, facilisis vitae, orci. Phasellus dapibus quam quis diam. Pellentesque habitant morbi tristique senectus et netus et malesuada fames ac turpis egestas. Fusce aliquet magna a neque. Nullam ut nisi a odio semper cursus. Integer mollis. Integer tincidunt aliquam arcu. Aliquam ultrices iaculis odio. Nam interdum enim non nisi. Aenean eget metus. In nec orci. Donec nibh. Quisque nonummy', '2023-06-11', '2023-06-20', 70, '2020-10-15', '2024-04-14 18:35:17'),
(78, 3, 'assignment', 'sapien. Aenean massa. Integer vitae nibh. Donec est mauris, rhoncus id, mollis nec, cursus a, enim. Suspendisse aliquet, sem ut cursus luctus, ipsum leo elementum sem, vitae aliquam eros turpis non enim. Mauris quis turpis vitae purus gravida sagittis. Duis gravida. Praesent eu nulla at sem molestie sodales. Mauris blandit enim consequat purus. Maecenas libero est, congue a, aliquet vel, vulputate eu, odio. Phasellus at augue id ante dictum cursus. Nunc mauris elit, dictum eu, eleifend nec, malesuada ut, sem. Nulla interdum. Curabitur dictum. Phasellus in felis. Nulla tempor augue ac ipsum. Phasellus vitae mauris sit amet lorem semper auctor.', '2023-06-24', '2023-08-29', 90, '2020-09-28', '2024-04-14 18:35:17'),
(79, 8, 'assignment', 'sit amet, consectetuer adipiscing elit. Etiam laoreet, libero et tristique pellentesque, tellus sem mollis dui, in sodales elit erat vitae risus. Duis a mi fringilla mi lacinia mattis. Integer eu lacus. Quisque imperdiet, erat nonummy ultricies ornare, elit elit fermentum risus, at fringilla purus mauris a nunc. In at pede. Cras vulputate velit eu sem. Pellentesque ut ipsum ac mi eleifend egestas. Sed pharetra, felis eget varius ultrices, mauris ipsum porta elit, a feugiat tellus lorem eu metus. In lorem. Donec elementum, lorem ut aliquam iaculis, lacus pede sagittis augue, eu tempor erat neque non quam. Pellentesque habitant morbi tristique', '2023-07-19', '2023-06-02', 80, '2022-02-24', '2024-04-14 18:35:17'),
(80, 4, 'project', 'mus. Aenean eget magna. Suspendisse tristique neque venenatis lacus. Etiam bibendum fermentum metus. Aenean sed pede nec ante blandit viverra. Donec tempus, lorem fringilla ornare placerat, orci lacus vestibulum lorem, sit amet ultricies sem magna nec quam. Curabitur vel lectus. Cum sociis natoque penatibus et magnis dis parturient montes, nascetur ridiculus mus. Donec dignissim magna a tortor. Nunc commodo auctor velit. Aliquam nisl. Nulla eu neque pellentesque massa lobortis ultrices. Vivamus rhoncus. Donec est. Nunc ullamcorper, velit in aliquet lobortis, nisi nibh lacinia orci, consectetuer euismod est arcu ac orci. Ut semper pretium neque. Morbi quis urna. Nunc quis arcu', '2023-04-25', '2023-08-19', 70, '2021-05-10', '2024-04-14 18:35:17'),
(81, 8, 'exam', 'lacus. Quisque imperdiet, erat nonummy ultricies ornare, elit elit fermentum risus, at fringilla purus mauris a nunc. In at pede. Cras vulputate velit eu sem. Pellentesque ut ipsum ac mi eleifend egestas. Sed pharetra, felis eget varius ultrices, mauris ipsum porta elit, a feugiat tellus lorem eu metus. In lorem. Donec elementum, lorem ut aliquam iaculis, lacus pede sagittis augue, eu tempor erat neque non quam. Pellentesque habitant morbi tristique senectus et netus et malesuada fames ac turpis egestas. Aliquam fringilla cursus purus. Nullam scelerisque neque sed sem egestas blandit. Nam nulla magna, malesuada vel, convallis in, cursus et, eros.', '2023-07-04', '2023-07-30', 10, '2021-01-15', '2024-04-14 18:35:17'),
(82, 2, 'assignment', 'sed sem egestas blandit. Nam nulla magna, malesuada vel, convallis in, cursus et, eros. Proin ultrices. Duis volutpat nunc sit amet metus. Aliquam erat volutpat. Nulla facilisis. Suspendisse commodo tincidunt nibh. Phasellus nulla. Integer vulputate, risus a ultricies adipiscing, enim mi tempor lorem, eget mollis lectus pede et risus. Quisque libero lacus, varius et, euismod et, commodo at, libero. Morbi accumsan laoreet ipsum. Curabitur consequat, lectus sit amet luctus vulputate, nisi sem semper erat, in consectetuer ipsum nunc id enim. Curabitur massa. Vestibulum accumsan neque et nunc. Quisque ornare tortor at risus. Nunc ac sem ut dolor dapibus gravida. Aliquam', '2023-08-16', '2023-06-30', 100, '2021-09-05', '2024-04-14 18:35:17'),
(83, 6, 'assignment', 'at lacus. Quisque purus sapien, gravida non, sollicitudin a, malesuada id, erat. Etiam vestibulum massa rutrum magna. Cras convallis convallis dolor. Quisque tincidunt pede ac urna. Ut tincidunt vehicula risus. Nulla eget metus eu erat semper rutrum. Fusce dolor quam, elementum at, egestas a, scelerisque sed, sapien. Nunc pulvinar arcu et pede. Nunc sed orci lobortis augue scelerisque mollis. Phasellus libero mauris, aliquam eu, accumsan sed, facilisis vitae, orci. Phasellus dapibus quam quis diam. Pellentesque habitant morbi tristique senectus et netus et malesuada fames ac turpis egestas. Fusce aliquet magna a neque. Nullam ut nisi a odio semper cursus. Integer', '2023-08-01', '2023-09-18', 50, '2021-03-27', '2024-04-14 18:35:17'),
(84, 2, 'project', 'ut odio vel est tempor bibendum. Donec felis orci, adipiscing non, luctus sit amet, faucibus ut, nulla. Cras eu tellus eu augue porttitor interdum. Sed auctor odio a purus. Duis elementum, dui quis accumsan convallis, ante lectus convallis est, vitae sodales nisi magna sed dui. Fusce aliquam, enim nec tempus scelerisque, lorem ipsum sodales purus, in molestie tortor nibh sit amet orci. Ut sagittis lobortis mauris. Suspendisse aliquet molestie tellus. Aenean egestas hendrerit neque. In ornare sagittis felis. Donec tempor, est ac mattis semper, dui lectus rutrum urna, nec luctus felis purus ac tellus. Suspendisse sed dolor. Fusce mi lorem,', '2023-08-07', '2023-08-18', 90, '2020-05-04', '2024-04-14 18:35:17'),
(85, 8, 'assignment', 'in consectetuer ipsum nunc id enim. Curabitur massa. Vestibulum accumsan neque et nunc. Quisque ornare tortor at risus. Nunc ac sem ut dolor dapibus gravida. Aliquam tincidunt, nunc ac mattis ornare, lectus ante dictum mi, ac mattis velit justo nec ante. Maecenas mi felis, adipiscing fringilla, porttitor vulputate, posuere vulputate, lacus. Cras interdum. Nunc sollicitudin commodo ipsum. Suspendisse non leo. Vivamus nibh dolor, nonummy ac, feugiat non, lobortis quis, pede. Suspendisse dui. Fusce diam nunc, ullamcorper eu, euismod ac, fermentum vel, mauris. Integer sem elit, pharetra ut, pharetra sed, hendrerit a, arcu. Sed et libero. Proin mi. Aliquam gravida mauris', '2023-05-01', '2023-05-01', 50, '2021-10-06', '2024-04-14 18:35:17'),
(86, 5, 'assignment', 'et magnis dis parturient montes, nascetur ridiculus mus. Donec dignissim magna a tortor. Nunc commodo auctor velit. Aliquam nisl. Nulla eu neque pellentesque massa lobortis ultrices. Vivamus rhoncus. Donec est. Nunc ullamcorper, velit in aliquet lobortis, nisi nibh lacinia orci, consectetuer euismod est arcu ac orci. Ut semper pretium neque. Morbi quis urna. Nunc quis arcu vel quam dignissim pharetra. Nam ac nulla. In tincidunt congue turpis. In condimentum. Donec at arcu. Vestibulum ante ipsum primis in faucibus orci luctus et ultrices posuere cubilia Curae Donec tincidunt. Donec vitae erat vel pede blandit congue. In scelerisque scelerisque dui. Suspendisse ac', '2023-06-03', '2023-07-19', 10, '2021-07-15', '2024-04-14 18:35:17'),
(87, 8, 'project', 'metus. Aenean sed pede nec ante blandit viverra. Donec tempus, lorem fringilla ornare placerat, orci lacus vestibulum lorem, sit amet ultricies sem magna nec quam. Curabitur vel lectus. Cum sociis natoque penatibus et magnis dis parturient montes, nascetur ridiculus mus. Donec dignissim magna a tortor. Nunc commodo auctor velit. Aliquam nisl. Nulla eu neque pellentesque massa lobortis ultrices. Vivamus rhoncus. Donec est. Nunc ullamcorper, velit in aliquet lobortis, nisi nibh lacinia orci, consectetuer euismod est arcu ac orci. Ut semper pretium neque. Morbi quis urna. Nunc quis arcu vel quam dignissim pharetra. Nam ac nulla. In tincidunt congue turpis. In', '2023-07-25', '2023-09-16', 80, '2021-12-27', '2024-04-14 18:35:17'),
(88, 5, 'assignment', 'augue, eu tempor erat neque non quam. Pellentesque habitant morbi tristique senectus et netus et malesuada fames ac turpis egestas. Aliquam fringilla cursus purus. Nullam scelerisque neque sed sem egestas blandit. Nam nulla magna, malesuada vel, convallis in, cursus et, eros. Proin ultrices. Duis volutpat nunc sit amet metus. Aliquam erat volutpat. Nulla facilisis. Suspendisse commodo tincidunt nibh. Phasellus nulla. Integer vulputate, risus a ultricies adipiscing, enim mi tempor lorem, eget mollis lectus pede et risus. Quisque libero lacus, varius et, euismod et, commodo at, libero. Morbi accumsan laoreet ipsum. Curabitur consequat, lectus sit amet luctus vulputate, nisi sem semper', '2023-04-30', '2023-08-19', 20, '2022-02-28', '2024-04-14 18:35:17'),
(89, 1, 'project', 'tortor, dictum eu, placerat eget, venenatis a, magna. Lorem ipsum dolor sit amet, consectetuer adipiscing elit. Etiam laoreet, libero et tristique pellentesque, tellus sem mollis dui, in sodales elit erat vitae risus. Duis a mi fringilla mi lacinia mattis. Integer eu lacus. Quisque imperdiet, erat nonummy ultricies ornare, elit elit fermentum risus, at fringilla purus mauris a nunc. In at pede. Cras vulputate velit eu sem. Pellentesque ut ipsum ac mi eleifend egestas. Sed pharetra, felis eget varius ultrices, mauris ipsum porta elit, a feugiat tellus lorem eu metus. In lorem. Donec elementum, lorem ut aliquam iaculis, lacus pede sagittis', '2023-07-14', '2023-06-25', 80, '2020-06-24', '2024-04-14 18:35:17'),
(90, 8, 'exam', 'a, enim. Suspendisse aliquet, sem ut cursus luctus, ipsum leo elementum sem, vitae aliquam eros turpis non enim. Mauris quis turpis vitae purus gravida sagittis. Duis gravida. Praesent eu nulla at sem molestie sodales. Mauris blandit enim consequat purus. Maecenas libero est, congue a, aliquet vel, vulputate eu, odio. Phasellus at augue id ante dictum cursus. Nunc mauris elit, dictum eu, eleifend nec, malesuada ut, sem. Nulla interdum. Curabitur dictum. Phasellus in felis. Nulla tempor augue ac ipsum. Phasellus vitae mauris sit amet lorem semper auctor. Mauris vel turpis. Aliquam adipiscing lobortis risus. In mi pede, nonummy ut, molestie in,', '2023-07-24', '2023-07-21', 50, '2020-09-15', '2024-04-14 18:35:17'),
(91, 8, 'assignment', 'eget metus. In nec orci. Donec nibh. Quisque nonummy ipsum non arcu. Vivamus sit amet risus. Donec egestas. Aliquam nec enim. Nunc ut erat. Sed nunc est, mollis non, cursus non, egestas a, dui. Cras pellentesque. Sed dictum. Proin eget odio. Aliquam vulputate ullamcorper magna. Sed eu eros. Nam consequat dolor vitae dolor. Donec fringilla. Donec feugiat metus sit amet ante. Vivamus non lorem vitae odio sagittis semper. Nam tempor diam dictum sapien. Aenean massa. Integer vitae nibh. Donec est mauris, rhoncus id, mollis nec, cursus a, enim. Suspendisse aliquet, sem ut cursus luctus, ipsum leo elementum sem, vitae aliquam', '2023-05-14', '2023-05-07', 100, '2022-01-17', '2024-04-14 18:35:17'),
(92, 2, 'exam', 'risus. Donec egestas. Aliquam nec enim. Nunc ut erat. Sed nunc est, mollis non, cursus non, egestas a, dui. Cras pellentesque. Sed dictum. Proin eget odio. Aliquam vulputate ullamcorper magna. Sed eu eros. Nam consequat dolor vitae dolor. Donec fringilla. Donec feugiat metus sit amet ante. Vivamus non lorem vitae odio sagittis semper. Nam tempor diam dictum sapien. Aenean massa. Integer vitae nibh. Donec est mauris, rhoncus id, mollis nec, cursus a, enim. Suspendisse aliquet, sem ut cursus luctus, ipsum leo elementum sem, vitae aliquam eros turpis non enim. Mauris quis turpis vitae purus gravida sagittis. Duis gravida. Praesent eu', '2023-05-18', '2023-05-25', 20, '2021-07-25', '2024-04-14 18:35:17'),
(93, 2, 'project', 'convallis ligula. Donec luctus aliquet odio. Etiam ligula tortor, dictum eu, placerat eget, venenatis a, magna. Lorem ipsum dolor sit amet, consectetuer adipiscing elit. Etiam laoreet, libero et tristique pellentesque, tellus sem mollis dui, in sodales elit erat vitae risus. Duis a mi fringilla mi lacinia mattis. Integer eu lacus. Quisque imperdiet, erat nonummy ultricies ornare, elit elit fermentum risus, at fringilla purus mauris a nunc. In at pede. Cras vulputate velit eu sem. Pellentesque ut ipsum ac mi eleifend egestas. Sed pharetra, felis eget varius ultrices, mauris ipsum porta elit, a feugiat tellus lorem eu metus. In lorem. Donec', '2023-05-12', '2023-05-10', 80, '2021-09-19', '2024-04-14 18:35:17'),
(94, 3, 'exam', 'vulputate, nisi sem semper erat, in consectetuer ipsum nunc id enim. Curabitur massa. Vestibulum accumsan neque et nunc. Quisque ornare tortor at risus. Nunc ac sem ut dolor dapibus gravida. Aliquam tincidunt, nunc ac mattis ornare, lectus ante dictum mi, ac mattis velit justo nec ante. Maecenas mi felis, adipiscing fringilla, porttitor vulputate, posuere vulputate, lacus. Cras interdum. Nunc sollicitudin commodo ipsum. Suspendisse non leo. Vivamus nibh dolor, nonummy ac, feugiat non, lobortis quis, pede. Suspendisse dui. Fusce diam nunc, ullamcorper eu, euismod ac, fermentum vel, mauris. Integer sem elit, pharetra ut, pharetra sed, hendrerit a, arcu. Sed et libero.', '2023-06-09', '2023-06-29', 70, '2021-10-13', '2024-04-14 18:35:17'),
(95, 8, 'assignment', 'mollis vitae, posuere at, velit. Cras lorem lorem, luctus ut, pellentesque eget, dictum placerat, augue. Sed molestie. Sed id risus quis diam luctus lobortis. Class aptent taciti sociosqu ad litora torquent per conubia nostra, per inceptos hymenaeos. Mauris ut quam vel sapien imperdiet ornare. In faucibus. Morbi vehicula. Pellentesque tincidunt tempus risus. Donec egestas. Duis ac arcu. Nunc mauris. Morbi non sapien molestie orci tincidunt adipiscing. Mauris molestie pharetra nibh. Aliquam ornare, libero at auctor ullamcorper, nisl arcu iaculis enim, sit amet ornare lectus justo eu arcu. Morbi sit amet massa. Quisque porttitor eros nec tellus. Nunc lectus pede, ultrices', '2023-05-12', '2023-06-15', 80, '2020-07-26', '2024-04-14 18:35:17'),
(96, 7, 'assignment', 'ac risus. Morbi metus. Vivamus euismod urna. Nullam lobortis quam a felis ullamcorper viverra. Maecenas iaculis aliquet diam. Sed diam lorem, auctor quis, tristique ac, eleifend vitae, erat. Vivamus nisi. Mauris nulla. Integer urna. Vivamus molestie dapibus ligula. Aliquam erat volutpat. Nulla dignissim. Maecenas ornare egestas ligula. Nullam feugiat placerat velit. Quisque varius. Nam porttitor scelerisque neque. Nullam nisl. Maecenas malesuada fringilla est. Mauris eu turpis. Nulla aliquet. Proin velit. Sed malesuada augue ut lacus. Nulla tincidunt, neque vitae semper egestas, urna justo faucibus lectus, a sollicitudin orci sem eget massa. Suspendisse eleifend. Cras sed leo. Cras vehicula aliquet libero.', '2023-05-12', '2023-07-08', 30, '2021-02-04', '2024-04-14 18:35:17'),
(97, 10, 'exam', 'Nam interdum enim non nisi. Aenean eget metus. In nec orci. Donec nibh. Quisque nonummy ipsum non arcu. Vivamus sit amet risus. Donec egestas. Aliquam nec enim. Nunc ut erat. Sed nunc est, mollis non, cursus non, egestas a, dui. Cras pellentesque. Sed dictum. Proin eget odio. Aliquam vulputate ullamcorper magna. Sed eu eros. Nam consequat dolor vitae dolor. Donec fringilla. Donec feugiat metus sit amet ante. Vivamus non lorem vitae odio sagittis semper. Nam tempor diam dictum sapien. Aenean massa. Integer vitae nibh. Donec est mauris, rhoncus id, mollis nec, cursus a, enim. Suspendisse aliquet, sem ut cursus luctus,', '2023-08-09', '2023-07-27', 10, '2020-06-16', '2024-04-14 18:35:17'),
(98, 8, 'project', 'vel, convallis in, cursus et, eros. Proin ultrices. Duis volutpat nunc sit amet metus. Aliquam erat volutpat. Nulla facilisis. Suspendisse commodo tincidunt nibh. Phasellus nulla. Integer vulputate, risus a ultricies adipiscing, enim mi tempor lorem, eget mollis lectus pede et risus. Quisque libero lacus, varius et, euismod et, commodo at, libero. Morbi accumsan laoreet ipsum. Curabitur consequat, lectus sit amet luctus vulputate, nisi sem semper erat, in consectetuer ipsum nunc id enim. Curabitur massa. Vestibulum accumsan neque et nunc. Quisque ornare tortor at risus. Nunc ac sem ut dolor dapibus gravida. Aliquam tincidunt, nunc ac mattis ornare, lectus ante dictum', '2023-04-22', '2023-09-03', 100, '2020-09-12', '2024-04-14 18:35:17'),
(99, 5, 'project', 'lectus justo eu arcu. Morbi sit amet massa. Quisque porttitor eros nec tellus. Nunc lectus pede, ultrices a, auctor non, feugiat nec, diam. Duis mi enim, condimentum eget, volutpat ornare, facilisis eget, ipsum. Donec sollicitudin adipiscing ligula. Aenean gravida nunc sed pede. Cum sociis natoque penatibus et magnis dis parturient montes, nascetur ridiculus mus. Proin vel arcu eu odio tristique pharetra. Quisque ac libero nec ligula consectetuer rhoncus. Nullam velit dui, semper et, lacinia vitae, sodales at, velit. Pellentesque ultricies dignissim lacus. Aliquam rutrum lorem ac risus. Morbi metus. Vivamus euismod urna. Nullam lobortis quam a felis ullamcorper viverra. Maecenas', '2023-06-20', '2023-05-05', 30, '2020-11-06', '2024-04-14 18:35:17'),
(100, 7, 'project', 'ipsum leo elementum sem, vitae aliquam eros turpis non enim. Mauris quis turpis vitae purus gravida sagittis. Duis gravida. Praesent eu nulla at sem molestie sodales. Mauris blandit enim consequat purus. Maecenas libero est, congue a, aliquet vel, vulputate eu, odio. Phasellus at augue id ante dictum cursus. Nunc mauris elit, dictum eu, eleifend nec, malesuada ut, sem. Nulla interdum. Curabitur dictum. Phasellus in felis. Nulla tempor augue ac ipsum. Phasellus vitae mauris sit amet lorem semper auctor. Mauris vel turpis. Aliquam adipiscing lobortis risus. In mi pede, nonummy ut, molestie in, tempus eu, ligula. Aenean euismod mauris eu elit.', '2023-06-07', '2023-09-05', 60, '2020-08-24', '2024-04-14 18:35:17'),
(101, 10, 'assignment', 'fsdhfihosdifghdfgivibsidbgibidfbgdibibfaifdbidsbfvsibgidnifdniobnifdbgsdiobgdoibgioboibgdiobgdifbg', '2024-04-03', '2024-04-10', 50, '2024-03-21', '2024-04-14 20:16:45');

--
-- Dumping data for table `course_participation`
--

INSERT INTO `course_participation` (`cp_id`, `cp_stc_id`, `cp_week`, `cp_present`, `created_at`, `updated_at`) VALUES
(1, 16, 3, 1, '2023-06-15', '2024-04-14 19:34:43'),
(2, 13, 2, 0, '2023-08-24', '2024-04-14 19:34:43'),
(3, 20, 6, 0, '2023-02-06', '2024-04-14 19:34:43'),
(4, 2, 5, 1, '2023-07-14', '2024-04-14 19:34:43'),
(5, 9, 3, 1, '2023-02-27', '2024-04-14 19:34:43'),
(6, 15, 7, 0, '2023-07-02', '2024-04-14 19:34:43'),
(7, 2, 5, 0, '2023-01-31', '2024-04-14 19:34:43'),
(8, 2, 6, 1, '2023-06-23', '2024-04-14 19:34:43'),
(9, 12, 3, 1, '2023-02-23', '2024-04-14 19:34:43'),
(10, 5, 5, 0, '2023-01-28', '2024-04-14 19:34:43'),
(11, 13, 2, 0, '2023-05-28', '2024-04-14 19:34:43'),
(12, 5, 2, 0, '2023-02-04', '2024-04-14 19:34:43'),
(13, 18, 7, 0, '2023-08-11', '2024-04-14 19:34:43'),
(14, 16, 2, 0, '2023-06-24', '2024-04-14 19:34:43'),
(15, 7, 7, 1, '2023-02-18', '2024-04-14 19:34:43'),
(16, 13, 6, 1, '2023-02-18', '2024-04-14 19:34:43'),
(17, 12, 4, 0, '2023-07-11', '2024-04-14 19:34:43'),
(18, 14, 3, 1, '2023-08-25', '2024-04-14 19:34:43'),
(19, 2, 6, 1, '2023-07-13', '2024-04-14 19:34:43'),
(20, 8, 8, 0, '2023-05-08', '2024-04-14 19:34:43'),
(21, 7, 8, 0, '2023-02-17', '2024-04-14 19:34:43'),
(22, 12, 7, 1, '2023-06-03', '2024-04-14 19:34:43'),
(23, 4, 7, 0, '2023-07-27', '2024-04-14 19:34:43'),
(24, 11, 5, 0, '2023-05-09', '2024-04-14 19:34:43'),
(25, 19, 6, 0, '2023-03-10', '2024-04-14 19:34:43'),
(26, 13, 3, 1, '2023-01-31', '2024-04-14 19:34:43'),
(27, 18, 6, 0, '2023-03-06', '2024-04-14 19:34:43'),
(28, 14, 4, 1, '2023-05-03', '2024-04-14 19:34:43'),
(29, 3, 7, 1, '2023-05-20', '2024-04-14 19:34:43'),
(30, 12, 3, 1, '2023-05-04', '2024-04-14 19:34:43'),
(31, 15, 1, 1, '2023-04-30', '2024-04-14 19:34:43'),
(32, 8, 5, 0, '2023-08-02', '2024-04-14 19:34:43'),
(33, 2, 5, 1, '2023-05-14', '2024-04-14 19:34:43'),
(34, 10, 3, 0, '2023-03-05', '2024-04-14 19:34:43'),
(35, 3, 7, 1, '2023-04-30', '2024-04-14 19:34:43'),
(36, 6, 2, 1, '2023-01-30', '2024-04-14 19:34:43'),
(37, 17, 4, 0, '2023-05-06', '2024-04-14 19:34:43'),
(38, 6, 3, 1, '2023-06-05', '2024-04-14 19:34:43'),
(39, 9, 3, 0, '2023-07-12', '2024-04-14 19:34:43'),
(40, 13, 5, 1, '2023-04-17', '2024-04-14 19:34:43'),
(41, 15, 3, 0, '2023-03-20', '2024-04-14 19:34:43'),
(42, 16, 1, 1, '2023-02-08', '2024-04-14 19:34:43'),
(43, 17, 4, 0, '2023-02-09', '2024-04-14 19:34:43'),
(44, 14, 7, 0, '2023-05-29', '2024-04-14 19:34:43'),
(45, 14, 7, 0, '2023-02-01', '2024-04-14 19:34:43'),
(46, 14, 7, 0, '2023-04-22', '2024-04-14 19:34:43'),
(47, 4, 3, 0, '2023-06-26', '2024-04-14 19:34:43'),
(48, 19, 4, 1, '2023-06-12', '2024-04-14 19:34:43'),
(49, 11, 6, 1, '2023-03-06', '2024-04-14 19:34:43'),
(50, 11, 5, 1, '2023-07-07', '2024-04-14 19:34:43'),
(51, 19, 2, 0, '2023-03-12', '2024-04-14 19:34:43'),
(52, 14, 3, 0, '2023-01-06', '2024-04-14 19:34:43'),
(53, 4, 7, 0, '2023-05-09', '2024-04-14 19:34:43'),
(54, 7, 5, 1, '2023-05-20', '2024-04-14 19:34:43'),
(55, 12, 7, 0, '2023-04-05', '2024-04-14 19:34:43'),
(56, 18, 4, 0, '2023-04-03', '2024-04-14 19:34:43'),
(57, 20, 8, 1, '2023-01-18', '2024-04-14 19:34:43'),
(58, 10, 7, 0, '2023-04-04', '2024-04-14 19:34:43'),
(59, 10, 5, 0, '2023-07-01', '2024-04-14 19:34:43'),
(60, 13, 1, 0, '2023-04-09', '2024-04-14 19:34:43'),
(61, 1, 2, 1, '2023-02-07', '2024-04-14 19:34:43'),
(62, 5, 6, 0, '2023-08-03', '2024-04-14 19:34:43'),
(63, 17, 6, 0, '2023-04-10', '2024-04-14 19:34:43'),
(64, 17, 6, 1, '2023-07-31', '2024-04-14 19:34:43'),
(65, 19, 6, 1, '2023-06-04', '2024-04-14 19:34:43'),
(66, 9, 5, 0, '2023-04-11', '2024-04-14 19:34:43'),
(67, 17, 4, 1, '2023-03-25', '2024-04-14 19:34:43'),
(68, 14, 5, 0, '2023-06-19', '2024-04-14 19:34:43'),
(69, 3, 7, 1, '2023-01-07', '2024-04-14 19:34:43'),
(70, 11, 8, 0, '2023-07-31', '2024-04-14 19:34:43'),
(71, 17, 6, 0, '2023-03-28', '2024-04-14 19:34:43'),
(72, 3, 7, 1, '2023-05-14', '2024-04-14 19:34:43'),
(73, 1, 6, 0, '2023-07-18', '2024-04-14 19:34:43'),
(74, 2, 4, 1, '2023-03-27', '2024-04-14 19:34:43'),
(75, 17, 1, 0, '2023-06-21', '2024-04-14 19:34:43'),
(76, 18, 3, 1, '2023-06-23', '2024-04-14 19:34:43'),
(77, 9, 3, 1, '2023-07-28', '2024-04-14 19:34:43'),
(78, 1, 6, 1, '2023-01-30', '2024-04-14 19:34:43'),
(79, 18, 1, 1, '2023-08-07', '2024-04-14 19:34:43'),
(80, 7, 7, 0, '2023-03-22', '2024-04-14 19:34:43'),
(81, 2, 7, 1, '2023-06-06', '2024-04-14 19:34:43'),
(82, 2, 6, 1, '2023-03-24', '2024-04-14 19:34:43'),
(83, 6, 7, 0, '2023-02-20', '2024-04-14 19:34:43'),
(84, 7, 8, 1, '2023-01-12', '2024-04-14 19:34:43'),
(85, 12, 1, 1, '2023-06-03', '2024-04-14 19:34:43'),
(86, 3, 4, 1, '2023-06-21', '2024-04-14 19:34:43'),
(87, 11, 2, 1, '2023-05-14', '2024-04-14 19:34:43'),
(88, 20, 8, 1, '2023-06-29', '2024-04-14 19:34:43'),
(89, 4, 6, 1, '2023-06-10', '2024-04-14 19:34:43'),
(90, 17, 7, 1, '2023-05-13', '2024-04-14 19:34:43'),
(91, 16, 2, 1, '2023-04-07', '2024-04-14 19:34:43'),
(92, 8, 7, 0, '2023-01-09', '2024-04-14 19:34:43'),
(93, 19, 1, 1, '2023-01-22', '2024-04-14 19:34:43'),
(94, 19, 2, 1, '2023-01-03', '2024-04-14 19:34:43'),
(95, 19, 3, 1, '2023-03-10', '2024-04-14 19:34:43'),
(96, 3, 4, 0, '2023-07-26', '2024-04-14 19:34:43'),
(97, 10, 5, 0, '2023-08-07', '2024-04-14 19:34:43'),
(98, 5, 2, 1, '2023-02-27', '2024-04-14 19:34:43'),
(99, 18, 2, 0, '2023-03-14', '2024-04-14 19:34:43'),
(100, 18, 2, 0, '2023-07-05', '2024-04-14 19:34:43');

--
-- Dumping data for table `lecturer`
--

INSERT INTO `lecturer` (`lec_id`, `lec_name`, `lec_gender`, `lec_email`, `lec_phone`, `created_at`, `updated_at`) VALUES
(1, 'Berk Patrick', 'male', 'tellus.phasellus.elit@google.com', '1-792-674-5510', '2011-07-14', '2024-04-14 18:04:36'),
(2, 'Ali Joyner', 'male', 'eu.lacus@google.net', '(668) 872-1624', '2018-09-25', '2024-04-14 18:04:36'),
(3, 'Gwendolyn Carr', 'female', 'semper.et@yahoo.com', '1-399-387-4523', '2011-01-20', '2024-04-14 18:04:36'),
(4, 'Kyla Mason', 'male', 'sem.mollis@icloud.ca', '(591) 822-3450', '2014-07-13', '2024-04-14 18:04:36'),
(5, 'Hamilton Pate', 'female', 'vel.nisl.quisque@outlook.ca', '1-367-352-0804', '2022-11-16', '2024-04-14 18:04:36'),
(6, 'Kelsie Valentine', 'female', 'tortor@yahoo.com', '(602) 268-2544', '2015-10-09', '2024-04-14 18:04:36'),
(7, 'Hadley Dodson', 'female', 'vel@outlook.org', '(862) 787-7245', '2017-09-04', '2024-04-14 18:04:36'),
(8, 'Burke Walls', 'male', 'semper.cursus@hotmail.ca', '1-457-243-3713', '2019-10-29', '2024-04-14 18:04:36'),
(9, 'Marvin Walter', 'male', 'ipsum@icloud.com', '1-702-665-8172', '2016-08-07', '2024-04-14 18:04:36'),
(10, 'August Snyder', 'female', 'vehicula.risus.nulla@google.ca', '1-961-272-8326', '2016-03-23', '2024-04-14 18:04:36');

--
-- Dumping data for table `student`
--

INSERT INTO `student` (`st_id`, `st_name`, `st_email`, `st_phone`, `st_gender`, `created_at`, `updated_at`) VALUES
(1, 'Zoe Fox', 'accumsan.laoreet.ipsum@hotmail.edu', '1-966-612-8431', 'female', '2015-08-06', '2024-04-14 18:09:54'),
(2, 'Charlotte Fitzgerald', 'quis@icloud.com', '1-545-231-0489', 'female', '2015-06-17', '2024-04-14 18:09:54'),
(3, 'September Morin', 'porttitor.scelerisque.neque@hotmail.edu', '1-851-258-2705', 'female', '2019-12-07', '2024-04-14 18:09:54'),
(4, 'Grady Rogers', 'libero.mauris@yahoo.org', '1-783-499-3063', 'male', '2018-05-28', '2024-04-14 18:09:54'),
(5, 'Adele Dyer', 'sed.pharetra@icloud.com', '1-852-689-8863', 'female', '2012-10-04', '2024-04-14 18:09:54'),
(6, 'Aline Adams', 'pede.cras.vulputate@yahoo.edu', '1-913-450-2321', 'female', '2018-08-09', '2024-04-14 18:09:54'),
(7, 'Carlos Mcclain', 'ante.nunc.mauris@yahoo.couk', '1-776-533-9627', 'male', '2023-03-30', '2024-04-14 18:09:54'),
(8, 'Kelly Murray', 'tincidunt.adipiscing@outlook.couk', '(812) 934-4269', 'female', '2011-06-12', '2024-04-14 18:09:54'),
(9, 'Tatiana Morales', 'tristique.ac@hotmail.org', '1-134-557-2677', 'female', '2014-02-19', '2024-04-14 18:09:54'),
(10, 'Bernard Berg', 'sagittis.placerat@icloud.net', '1-895-296-7674', 'male', '2016-09-07', '2024-04-14 18:09:54'),
(11, 'Ebony Mcclure', 'nisl.nulla@google.net', '1-728-676-5378', 'female', '2015-06-03', '2024-04-14 18:09:54'),
(12, 'Hyatt Lynn', 'donec.non@protonmail.net', '1-662-680-4569', 'female', '2020-01-27', '2024-04-14 18:09:54'),
(13, 'Faith Davidson', 'rutrum.urna.nec@hotmail.ca', '1-965-138-9881', 'female', '2010-06-15', '2024-04-14 18:09:54'),
(14, 'Bevis Morse', 'in.at@yahoo.ca', '1-365-185-8521', 'female', '2019-05-07', '2024-04-14 18:09:54'),
(15, 'Abel Mathis', 'enim.commodo@aol.org', '1-529-100-5015', 'male', '2012-04-28', '2024-04-14 18:09:54'),
(16, 'Dylan Stevens', 'tincidunt.vehicula@protonmail.couk', '(897) 781-2852', 'male', '2015-01-11', '2024-04-14 18:09:54'),
(17, 'Sophia Velazquez', 'orci@google.net', '(945) 566-8746', 'male', '2011-07-19', '2024-04-14 18:09:54'),
(18, 'Guy Malone', 'ipsum.porta@outlook.edu', '1-863-511-1585', 'female', '2012-06-30', '2024-04-14 18:09:54'),
(19, 'Bryar Preston', 'a.scelerisque@hotmail.ca', '(776) 748-3626', 'female', '2014-02-16', '2024-04-14 18:09:54'),
(20, 'Hedy Brennan', 'senectus.et@aol.org', '1-154-474-9737', 'female', '2011-07-06', '2024-04-14 18:09:54'),
(21, 'Cade Morales', 'gravida.molestie@outlook.couk', '1-563-502-7440', 'male', '2020-11-19', '2024-04-14 18:09:54'),
(22, 'Calvin Carver', 'etiam.ligula@hotmail.couk', '(346) 423-1051', 'female', '2016-08-08', '2024-04-14 18:09:54'),
(23, 'Asher Gould', 'aenean.eget.metus@hotmail.com', '(865) 771-1808', 'female', '2012-09-02', '2024-04-14 18:09:54'),
(24, 'Kenyon Steele', 'tempus@aol.net', '1-715-777-4650', 'male', '2017-08-31', '2024-04-14 18:09:54'),
(25, 'Deanna Moody', 'in.condimentum@hotmail.couk', '1-980-225-9163', 'male', '2014-05-30', '2024-04-14 18:09:54'),
(26, 'Merrill Leblanc', 'in.lobortis.tellus@protonmail.edu', '1-644-855-5826', 'female', '2021-05-23', '2024-04-14 18:09:54'),
(27, 'Robert Johnson', 'montes.nascetur.ridiculus@google.couk', '1-851-366-1484', 'female', '2021-05-21', '2024-04-14 18:09:54'),
(28, 'India Hughes', 'lobortis.quis.pede@hotmail.org', '(691) 456-1326', 'male', '2014-04-17', '2024-04-14 18:09:54'),
(29, 'Akeem Emerson', 'eu.ligula.aenean@outlook.net', '1-564-438-8326', 'male', '2022-03-28', '2024-04-14 18:09:54'),
(30, 'Ray Stephens', 'in.condimentum@outlook.com', '(164) 853-0358', 'female', '2016-01-06', '2024-04-14 18:09:54'),
(31, 'Deirdre Cleveland', 'duis.risus.odio@outlook.couk', '1-870-154-5612', 'female', '2012-09-21', '2024-04-14 18:09:54'),
(32, 'Xenos Reilly', 'mauris.blandit@yahoo.org', '1-751-643-5225', 'male', '2014-03-21', '2024-04-14 18:09:54'),
(33, 'Michelle Hess', 'eleifend@icloud.net', '1-617-538-5958', 'male', '2018-06-24', '2024-04-14 18:09:54'),
(34, 'Amos Hendricks', 'fermentum@protonmail.edu', '1-722-386-6820', 'female', '2020-04-07', '2024-04-14 18:09:54'),
(35, 'Astra Guerrero', 'ultricies.adipiscing.enim@outlook.couk', '(872) 601-6137', 'female', '2021-11-11', '2024-04-14 18:09:54'),
(36, 'Brock Velazquez', 'amet.faucibus@protonmail.net', '1-884-222-9375', 'female', '2011-04-27', '2024-04-14 18:09:54'),
(37, 'Zeph Christensen', 'lacinia@hotmail.edu', '1-227-361-2851', 'male', '2013-08-27', '2024-04-14 18:09:54'),
(38, 'Alice Leon', 'nunc@aol.edu', '1-943-926-1923', 'female', '2017-06-05', '2024-04-14 18:09:54'),
(39, 'Abra Barlow', 'congue.a@aol.com', '(335) 791-6959', 'male', '2016-05-17', '2024-04-14 18:09:54'),
(40, 'Brent Rhodes', 'eget.mollis.lectus@outlook.org', '1-725-497-7869', 'female', '2010-09-04', '2024-04-14 18:09:54'),
(41, 'Coby Pratt', 'neque.in@yahoo.ca', '(241) 927-6906', 'female', '2021-06-10', '2024-04-14 18:09:54'),
(42, 'Dora Blackwell', 'in@outlook.ca', '1-659-711-4730', 'male', '2017-08-17', '2024-04-14 18:09:54'),
(43, 'Pascale Lang', 'at.pretium.aliquet@google.couk', '(667) 879-2957', 'female', '2012-10-21', '2024-04-14 18:09:54'),
(44, 'Zeus Graham', 'odio.etiam@icloud.org', '(264) 194-5335', 'male', '2011-01-09', '2024-04-14 18:09:54'),
(45, 'Colby Vinson', 'et.magnis.dis@google.org', '1-895-261-7854', 'female', '2017-12-05', '2024-04-14 18:09:54'),
(46, 'Melvin Compton', 'nisi.magna.sed@icloud.com', '1-723-640-4374', 'female', '2011-01-23', '2024-04-14 18:09:54'),
(47, 'Rashad Merritt', 'ipsum.cursus@outlook.couk', '(221) 446-6820', 'female', '2016-03-15', '2024-04-14 18:09:54'),
(48, 'Patrick Campos', 'libero.mauris@hotmail.net', '(330) 579-5781', 'male', '2017-07-28', '2024-04-14 18:09:54'),
(49, 'Matthew Hawkins', 'sollicitudin@icloud.couk', '(686) 634-2984', 'female', '2012-03-27', '2024-04-14 18:09:54'),
(50, 'Asher Coffey', 'a.scelerisque.sed@yahoo.edu', '1-710-851-0872', 'male', '2017-01-06', '2024-04-14 18:09:54');

--
-- Dumping data for table `student_courses`
--

INSERT INTO `student_courses` (`stc_id`, `st_id`, `c_id`, `created_at`, `updated_at`) VALUES
(1, 9, 2, '2023-04-17', '2024-04-14 19:14:53'),
(2, 9, 6, '2023-01-12', '2024-04-14 19:14:53'),
(3, 7, 2, '2023-04-30', '2024-04-14 19:14:53'),
(4, 2, 4, '2023-03-27', '2024-04-14 19:14:53'),
(5, 3, 5, '2023-04-26', '2024-04-14 19:14:53'),
(6, 9, 7, '2023-01-20', '2024-04-14 19:14:53'),
(7, 8, 4, '2023-04-01', '2024-04-14 19:14:53'),
(8, 6, 6, '2023-03-13', '2024-04-14 19:14:53'),
(9, 6, 9, '2023-01-22', '2024-04-14 19:14:53'),
(10, 5, 8, '2023-03-11', '2024-04-14 19:14:53'),
(11, 8, 6, '2023-03-08', '2024-04-14 19:16:17'),
(12, 9, 4, '2023-01-28', '2024-04-14 19:16:17'),
(13, 1, 4, '2023-04-05', '2024-04-14 19:16:17'),
(14, 1, 7, '2023-01-26', '2024-04-14 19:16:17'),
(15, 10, 3, '2023-01-06', '2024-04-14 19:16:17'),
(16, 9, 8, '2023-03-07', '2024-04-14 19:16:17'),
(17, 1, 6, '2023-01-30', '2024-04-14 19:16:17'),
(18, 7, 9, '2023-04-07', '2024-04-14 19:16:17'),
(19, 3, 8, '2023-02-08', '2024-04-14 19:16:17'),
(20, 10, 8, '2023-01-13', '2024-04-14 19:16:17');

--
-- Dumping data for table `student_course_coursework`
--

INSERT INTO `student_course_coursework` (`cw_id`, `stc_id`, `marks`, `created_at`, `updated_at`) VALUES
(1, 19, 46, '2023-03-24', '2024-04-14 19:38:44'),
(4, 7, 46, '2023-04-06', '2024-04-14 19:38:44'),
(6, 11, 14, '2023-02-17', '2024-04-14 19:38:44'),
(7, 4, 36, '2023-06-30', '2024-04-14 19:38:44'),
(9, 1, 39, '2023-05-07', '2024-04-14 19:38:44'),
(9, 3, 50, '2023-04-11', '2024-04-14 19:38:44'),
(9, 13, 38, '2023-03-19', '2024-04-14 19:38:44'),
(10, 10, 30, '2023-07-13', '2024-04-14 20:23:58'),
(12, 11, 16, '2023-06-25', '2024-04-14 19:38:44'),
(12, 18, 19, '2023-05-11', '2024-04-14 19:38:44'),
(14, 2, 36, '2023-04-24', '2024-04-14 19:38:44'),
(14, 9, 22, '2023-05-21', '2024-04-14 19:38:44'),
(14, 17, 44, '2023-05-25', '2024-04-14 19:38:44'),
(16, 11, 43, '2023-02-06', '2024-04-14 19:38:44'),
(16, 12, 28, '2023-07-13', '2024-04-14 19:38:44'),
(16, 13, 38, '2023-03-10', '2024-04-14 19:38:44'),
(17, 17, 43, '2023-07-23', '2024-04-14 19:38:44'),
(17, 19, 26, '2023-07-07', '2024-04-14 19:38:44'),
(18, 4, 7, '2023-03-06', '2024-04-14 20:37:23'),
(18, 6, 14, '2023-06-13', '2024-04-14 20:37:23'),
(18, 7, 18, '2023-04-10', '2024-04-14 20:37:23'),
(18, 11, 9, '2023-05-05', '2024-04-14 20:37:23'),
(18, 16, 18, '2023-06-16', '2024-04-14 20:37:23'),
(19, 3, 48, '2023-02-02', '2024-04-14 19:38:44'),
(19, 14, 29, '2023-08-08', '2024-04-14 19:38:44'),
(20, 3, 49, '2023-08-30', '2024-04-14 19:38:44'),
(21, 5, 18, '2023-03-14', '2024-04-14 19:38:44'),
(21, 10, 16, '2023-01-06', '2024-04-14 19:38:44'),
(21, 16, 13, '2023-07-10', '2024-04-14 19:38:44'),
(21, 17, 48, '2023-01-12', '2024-04-14 19:38:44'),
(22, 8, 40, '2023-02-01', '2024-04-14 19:38:44'),
(22, 9, 27, '2023-07-26', '2024-04-14 19:38:44'),
(24, 16, 24, '2023-06-27', '2024-04-14 19:38:44'),
(24, 17, 16, '2023-01-15', '2024-04-14 19:38:44'),
(26, 19, 47, '2023-01-25', '2024-04-14 19:38:44'),
(28, 3, 36, '2023-06-15', '2024-04-14 19:38:44'),
(29, 4, 14, '2023-01-23', '2024-04-14 19:38:44'),
(30, 3, 44, '2023-04-04', '2024-04-14 19:38:44'),
(30, 11, 38, '2023-06-10', '2024-04-14 19:38:44'),
(31, 15, 28, '2023-04-12', '2024-04-14 19:38:44'),
(33, 4, 15, '2023-03-16', '2024-04-14 19:38:44'),
(33, 13, 31, '2023-07-25', '2024-04-14 19:38:44'),
(34, 7, 13, '2023-05-22', '2024-04-14 19:38:44'),
(35, 1, 45, '2023-01-04', '2024-04-14 19:38:44'),
(36, 18, 40, '2023-04-02', '2024-04-14 19:38:44'),
(37, 1, 50, '2023-08-29', '2024-04-14 19:38:44'),
(37, 16, 35, '2023-02-02', '2024-04-14 19:38:44'),
(38, 10, 30, '2023-03-26', '2024-04-14 19:38:44'),
(38, 13, 45, '2023-01-30', '2024-04-14 19:38:44'),
(39, 2, 15, '2023-04-06', '2024-04-14 19:38:44'),
(39, 7, 42, '2023-07-28', '2024-04-14 19:38:44'),
(39, 10, 17, '2023-06-16', '2024-04-14 19:38:44'),
(40, 9, 27, '2023-04-08', '2024-04-14 19:38:44'),
(40, 11, 44, '2023-08-21', '2024-04-14 19:38:44'),
(42, 3, 40, '2023-02-08', '2024-04-14 19:38:44'),
(42, 13, 15, '2023-05-15', '2024-04-14 19:38:44'),
(42, 16, 15, '2023-04-27', '2024-04-14 19:38:44'),
(43, 2, 19, '2023-05-07', '2024-04-14 19:38:44'),
(43, 12, 40, '2023-03-08', '2024-04-14 19:38:44'),
(44, 15, 24, '2023-06-22', '2024-04-14 19:38:44'),
(44, 16, 36, '2023-01-13', '2024-04-14 19:38:44'),
(44, 18, 28, '2023-02-02', '2024-04-14 19:38:44'),
(45, 8, 16, '2023-04-06', '2024-04-14 19:38:44'),
(46, 15, 23, '2023-05-31', '2024-04-14 19:38:44'),
(47, 8, 37, '2023-02-16', '2024-04-14 19:38:44'),
(47, 15, 11, '2023-07-22', '2024-04-14 19:38:44'),
(48, 14, 40, '2023-08-31', '2024-04-14 19:38:44'),
(48, 18, 38, '2023-05-20', '2024-04-14 19:38:44'),
(49, 8, 23, '2023-05-06', '2024-04-14 19:38:44'),
(50, 9, 44, '2023-03-10', '2024-04-14 19:38:44');
COMMIT;

/*!40101 SET CHARACTER_SET_CLIENT=@OLD_CHARACTER_SET_CLIENT */;
/*!40101 SET CHARACTER_SET_RESULTS=@OLD_CHARACTER_SET_RESULTS */;
/*!40101 SET COLLATION_CONNECTION=@OLD_COLLATION_CONNECTION */;
